Transaction_ID,Cardholder_Name,Age,Gender,Transaction_Amount,Merchant_Name,Merchant_Category,City,Transaction_Time,International_Transaction,Card_Present,Failed_Attempts,Fraud
TXN1000,Marie Harris,56,Male,3984.75,Smith Group,Grocery,Chennai,2025-08-09 17:33:16,1,0,4,1
TXN1001,Philip Davis,38,Male,788.53,Solomon Group,Travel,Chennai,2025-10-04 17:30:16,0,0,4,1
TXN1002,Riley Kim,53,Female,722.91,Ayers Group,Grocery,Delhi,2025-12-27 05:48:16,0,0,1,0
TXN1003,Jeffrey Barrett,41,Male,4163.89,Smith-Richard,Online Shopping,Pune,2025-07-18 01:41:16,0,0,4,1
TXN1004,Sara Hogan,50,Female,1528.17,"Gonzalez, Phillips and Reese",Food,Gurgaon,2026-04-15 16:16:16,1,0,0,0
TXN1005,Gregory Hensley,44,Male,3063.15,"Brown, Hunt and Reyes",Entertainment,Bangalore,2025-11-18 12:26:16,1,0,5,1
TXN1006,Christina Garcia,64,Male,3095.75,Randall-Moore,Healthcare,Delhi,2025-05-08 04:49:16,0,1,0,0
TXN1007,Brad Watson,20,Male,4301.1,"Stevens, Burns and Tucker",Healthcare,Bangalore,2025-12-23 07:32:16,1,0,1,1
TXN1008,William Mercado,21,Female,4711.59,Wang-Reed,Online Shopping,Delhi,2026-04-23 09:43:16,1,0,0,1
TXN1009,Eric West,43,Female,497.38,Perez Group,Healthcare,Pune,2025-06-01 12:41:16,0,0,3,0
TXN1010,Melissa Andersen,25,Male,181.6,Castro Group,Food,Bangalore,2025-10-13 11:05:16,0,0,1,0
TXN1011,Jessica Shields,57,Male,3779.25,Richards-Sullivan,Entertainment,Bangalore,2026-03-14 18:37:16,1,1,5,1
TXN1012,Brandon Arnold,46,Male,4848.23,Levine-Jensen,Healthcare,Bangalore,2025-10-01 16:07:16,0,1,1,0
TXN1013,Evan Taylor,53,Male,2993.52,Flynn Group,Travel,Pune,2025-07-07 13:33:16,0,0,5,1
TXN1014,Larry Bryant,40,Female,2608.96,"Holt, Ritter and Cox",Entertainment,Bangalore,2025-10-29 20:20:16,0,1,4,1
TXN1015,Dr. Steven Williams,35,Male,2703.06,Lynn-Quinn,Food,Delhi,2025-07-31 15:00:16,1,1,4,1
TXN1016,Amanda Lewis,32,Female,834.68,Alvarez Group,Electronics,Mumbai,2025-05-27 21:32:16,1,0,0,0
TXN1017,Crystal Hull,61,Female,1474.51,"Todd, Wallace and Mcclain",Entertainment,Chennai,2026-03-05 16:50:16,1,0,0,0
TXN1018,Michelle Wood,25,Female,3647.75,"Haney, Reynolds and Wilson",Travel,Mumbai,2025-07-22 22:59:16,1,1,1,1
TXN1019,Justin Collier,58,Female,4575.65,Hale-Larson,Healthcare,Mumbai,2025-10-18 20:29:16,0,1,1,0
TXN1020,Travis Wolfe,50,Male,327.16,Phillips and Sons,Grocery,Delhi,2026-03-06 04:04:16,0,0,2,0
TXN1021,Eric Thomas,61,Female,3191.41,Acosta-Johnson,Electronics,Gurgaon,2026-04-03 03:06:16,1,1,4,1
TXN1022,Karen Taylor,64,Female,3569.09,Mitchell-Smith,Online Shopping,Delhi,2025-08-23 23:15:16,0,1,5,1
TXN1023,Robert Norman,56,Female,211.76,Harvey-Norton,Electronics,Bangalore,2025-10-12 13:15:16,1,0,1,0
TXN1024,Anthony Lambert,30,Female,1016.58,Taylor PLC,Grocery,Chennai,2025-05-20 20:52:16,1,0,3,0
TXN1025,Matthew Gonzalez,49,Male,3480.63,Green Group,Fashion,Chennai,2025-09-18 15:26:16,0,0,2,0
TXN1026,Richard Thomas,46,Female,1151.7,Hull-Kelley,Travel,Pune,2025-11-28 20:42:16,0,1,2,0
TXN1027,Debra Dorsey,39,Female,4403.53,Smith Ltd,Grocery,Delhi,2025-11-18 14:44:16,1,1,4,1
TXN1028,April Bradley,23,Male,2288.11,"Allison, Smith and Mata",Grocery,Mumbai,2026-01-19 16:21:16,0,0,5,1
TXN1029,Meredith Edwards,28,Female,1628.48,Flores Group,Electronics,Pune,2025-05-24 21:08:16,0,0,0,0
TXN1030,Matthew Hopkins,44,Female,2141.27,Graham Inc,Online Shopping,Mumbai,2026-01-11 15:00:16,1,1,2,0
TXN1031,Gregory Bentley,56,Male,831.63,Johnson-Buchanan,Online Shopping,Chennai,2025-12-21 23:08:16,0,1,2,0
TXN1032,Travis Allen,59,Female,1694.7,Rojas-Harris,Healthcare,Gurgaon,2025-06-26 06:09:16,1,0,0,0
TXN1033,Nicholas Sims,69,Male,1824.51,Davidson-Pace,Food,Delhi,2026-03-16 16:02:16,1,0,1,0
TXN1034,Maria Boyd,20,Male,1511.38,Watkins-Mullen,Food,Delhi,2026-01-14 04:24:16,0,0,2,0
TXN1035,Amy Reyes,66,Male,4883.31,"Armstrong, Goodman and Vazquez",Electronics,Delhi,2025-09-29 06:18:16,1,0,4,1
TXN1036,Kimberly Johnston,49,Male,4542.25,"Moore, Sanchez and Lopez",Fashion,Chennai,2026-01-02 01:48:16,1,0,3,1
TXN1037,Kimberly Rose,43,Male,4928.4,James-Adams,Fuel,Mumbai,2025-09-02 23:46:16,1,1,2,1
TXN1038,Cindy White,34,Male,3643.8,"Benson, Nichols and Anderson",Electronics,Delhi,2025-07-31 22:49:16,1,1,1,1
TXN1039,Shaun Brown,23,Female,2000.13,"Moreno, Hinton and Sweeney",Entertainment,Gurgaon,2025-09-09 12:08:16,0,0,0,0
TXN1040,Emily Jimenez,23,Male,3482.11,"Lozano, Bowers and Joseph",Entertainment,Chennai,2025-08-21 07:41:16,1,0,2,1
TXN1041,Louis Chapman,53,Male,92.77,Bishop Ltd,Food,Mumbai,2025-12-11 08:09:16,1,0,3,0
TXN1042,Miss Julie Gonzales,58,Female,3457.78,"Bowers, Anderson and King",Travel,Bangalore,2025-12-30 21:23:16,1,0,0,1
TXN1043,Nancy Garza,28,Male,1711.92,Chapman LLC,Fuel,Pune,2025-12-07 18:06:16,0,0,3,0
TXN1044,Matthew Valencia,33,Male,4087.94,Foster Ltd,Electronics,Mumbai,2026-03-08 11:39:16,0,1,0,0
TXN1045,Kevin Nicholson,65,Female,4827.44,Banks Group,Fuel,Mumbai,2026-03-31 05:32:16,1,0,0,1
TXN1046,Angela Perez,52,Male,3504.79,Smith-Mcneil,Entertainment,Delhi,2025-10-12 01:21:16,1,1,5,1
TXN1047,Nicole Rivera,50,Female,3213.74,Jenkins-Foster,Fashion,Gurgaon,2026-02-21 11:33:16,1,0,3,1
TXN1048,Rachel Davis,55,Male,3348.25,Williams-Lane,Fashion,Mumbai,2025-08-27 00:53:16,0,0,5,1
TXN1049,Edward Goodwin,42,Female,3320.87,"Perry, Ferguson and Butler",Grocery,Delhi,2025-05-23 09:55:16,1,0,1,1
TXN1050,Latoya Hartman,19,Male,3462.56,Henderson Group,Online Shopping,Delhi,2025-10-11 19:05:16,0,0,0,0
TXN1051,Robert Frey,21,Male,1193.87,Graham-Daniels,Food,Gurgaon,2025-08-03 12:21:16,0,0,2,0
TXN1052,Michael Henry,34,Male,1547.22,Miranda-Foster,Electronics,Gurgaon,2025-11-12 15:42:16,1,1,2,0
TXN1053,Robert Williams,39,Male,1333.36,Ramsey and Sons,Healthcare,Mumbai,2025-09-11 22:03:16,1,1,4,1
TXN1054,Morgan Lewis,68,Male,4461.31,Jones-Miller,Fashion,Gurgaon,2025-07-29 02:20:16,1,0,5,1
TXN1055,Claudia Vega,50,Male,2888.75,Torres-Grimes,Fuel,Pune,2025-06-24 12:22:16,0,0,3,0
TXN1056,Cassidy Fritz,52,Male,3845.08,Williams-Thomas,Online Shopping,Bangalore,2026-04-20 16:13:16,0,1,5,1
TXN1057,Jonathan Edwards,46,Male,1405.01,Moore LLC,Food,Bangalore,2026-05-02 00:41:16,1,0,0,0
TXN1058,Marcus Stanley,54,Female,4642.31,"Hall, Anderson and Brown",Online Shopping,Chennai,2025-07-09 07:10:16,1,0,2,1
TXN1059,Fernando Jones,50,Female,385.98,Jones-Smith,Electronics,Mumbai,2025-08-27 07:09:16,1,0,0,0
TXN1060,Christopher Sherman,20,Male,855.77,"Paul, Doyle and Richardson",Online Shopping,Mumbai,2025-07-30 18:10:16,1,1,5,1
TXN1061,Marc Bartlett,20,Male,2854.61,"Durham, Rogers and Phillips",Healthcare,Mumbai,2025-07-31 10:09:16,1,1,5,1
TXN1062,Shane Perry,40,Female,709.02,Moore-Soto,Grocery,Delhi,2025-12-03 18:39:16,1,1,1,0
TXN1063,Mrs. Jamie Montgomery,34,Male,4244.86,Hudson LLC,Grocery,Bangalore,2025-07-12 05:53:16,0,1,4,1
TXN1064,Nicole Jenkins,59,Male,4048.71,"Jordan, Weaver and Johnson",Fuel,Pune,2025-05-17 10:16:16,1,0,4,1
TXN1065,Patrick Cox,24,Male,2512.57,"Morris, Jackson and Thomas",Electronics,Chennai,2025-11-15 08:40:16,0,0,5,1
TXN1066,Levi Gonzalez,33,Female,263.33,Carlson Inc,Online Shopping,Mumbai,2025-12-16 02:39:16,1,0,5,1
TXN1067,Miguel Hickman,68,Male,2333.33,Montgomery PLC,Fashion,Bangalore,2026-03-05 05:43:16,0,1,1,0
TXN1068,Caitlyn Allen,39,Male,1258.75,"Miller, Gillespie and Kelly",Food,Chennai,2025-11-18 22:26:16,0,1,5,1
TXN1069,Sean West,60,Female,644.03,"Solis, Reid and Johnson",Travel,Mumbai,2025-08-16 06:41:16,0,0,3,0
TXN1070,Robert Sanchez,61,Female,3118.22,Moreno Group,Grocery,Mumbai,2025-10-23 21:56:16,1,1,3,1
TXN1071,Dr. Jason Johnson,47,Male,2707.77,"Williams, Elliott and Smith",Fashion,Mumbai,2025-06-30 19:49:16,0,1,4,1
TXN1072,Luis Torres,67,Male,2586.34,"King, Vega and Dalton",Fuel,Mumbai,2025-11-30 09:24:16,0,1,2,0
TXN1073,Linda Wright,45,Female,3722.77,"Phillips, Williamson and Taylor",Fashion,Mumbai,2025-05-26 23:15:16,0,0,4,1
TXN1074,Ronnie Harris,40,Male,2147.29,Daniels Inc,Entertainment,Bangalore,2025-12-30 02:54:16,1,0,1,0
TXN1075,Jessica Tucker,49,Female,2750.64,Mcguire-Smith,Healthcare,Chennai,2026-03-20 19:56:16,1,1,4,1
TXN1076,Elizabeth Burke,18,Male,4774.78,"Bowen, Williams and Bennett",Electronics,Bangalore,2025-10-27 23:19:16,0,1,4,1
TXN1077,Andrea Flores,20,Male,1246.18,Patrick Group,Electronics,Pune,2025-12-14 09:04:16,1,1,5,1
TXN1078,Austin Herring,46,Female,589.2,"Kelly, Orozco and Baker",Entertainment,Pune,2026-02-27 12:52:16,0,1,5,1
TXN1079,Stephanie Baker,63,Male,4897.76,"Thompson, Boone and Richmond",Fashion,Delhi,2025-10-15 12:15:16,1,0,1,1
TXN1080,Cindy Green,65,Male,4036.5,Herman-Ramos,Healthcare,Gurgaon,2026-01-28 03:11:16,0,1,4,1
TXN1081,John Shepherd,40,Female,249.81,Lutz-Castillo,Electronics,Chennai,2025-09-03 23:05:16,1,1,1,0
TXN1082,Robert Jackson,69,Female,1879.32,Fernandez-Ibarra,Healthcare,Gurgaon,2025-08-30 08:43:16,1,0,0,0
TXN1083,Christopher Williams,22,Male,3422.98,Lambert and Sons,Entertainment,Chennai,2026-04-21 04:25:16,1,0,1,1
TXN1084,Mr. Ruben Brown,66,Female,4337.32,Hernandez Ltd,Entertainment,Pune,2025-11-28 08:17:16,0,1,3,0
TXN1085,Casey Smith,67,Female,2871.1,Moore and Sons,Food,Gurgaon,2026-04-05 02:50:16,1,1,2,0
TXN1086,Natalie Madden,54,Female,3133.44,Bennett LLC,Fuel,Chennai,2026-03-04 03:01:16,0,1,1,0
TXN1087,Jennifer Kelley,60,Male,987.0,Johnson PLC,Electronics,Bangalore,2026-04-25 14:39:16,1,0,4,1
TXN1088,Bobby Leblanc,68,Male,3095.09,"Vega, Davis and Ross",Fashion,Mumbai,2025-10-04 11:15:16,0,0,4,1
TXN1089,Rachel Odonnell,43,Male,3411.25,Nguyen-Wilson,Grocery,Mumbai,2026-01-12 19:34:16,1,0,3,1
TXN1090,Jacob Martin,67,Female,3148.42,"Day, Evans and Medina",Entertainment,Chennai,2025-10-02 06:44:16,0,1,3,0
TXN1091,Kyle Jones,27,Female,2123.12,Mitchell-Smith,Entertainment,Mumbai,2025-10-28 00:52:16,0,0,2,0
TXN1092,Pamela Leon,65,Male,647.17,Estes-Lloyd,Entertainment,Mumbai,2026-01-31 04:18:16,0,1,5,1
TXN1093,Stephen Dennis,49,Male,4293.48,Diaz-Kim,Online Shopping,Mumbai,2025-11-05 15:18:16,0,1,0,1
TXN1094,Angela Rice,52,Male,524.59,Mitchell LLC,Fuel,Chennai,2025-08-07 11:21:16,1,1,0,0
TXN1095,Colleen Meza,39,Female,1495.2,Pena-Crawford,Online Shopping,Gurgaon,2026-04-18 11:05:16,0,1,3,0
TXN1096,Derrick Beck,58,Female,4237.24,"Thornton, Cox and Ellis",Fashion,Mumbai,2025-08-15 21:13:16,1,1,5,1
TXN1097,Christopher Hartman,48,Male,4753.53,Pugh-Hebert,Fashion,Gurgaon,2025-06-02 13:25:16,0,1,4,1
TXN1098,Mercedes Bell,22,Male,1473.12,Miranda-Gutierrez,Fashion,Bangalore,2026-04-12 07:42:16,1,0,4,1
TXN1099,Margaret Richardson,53,Male,4731.51,"Martinez, Wallace and Garcia",Travel,Mumbai,2025-12-14 20:56:16,1,0,4,1
TXN1100,Karen Lynn,59,Male,4871.5,"Newton, Gross and Moran",Electronics,Gurgaon,2025-09-26 23:06:16,1,1,4,1
TXN1101,Jonathan Olson,60,Female,3532.1,Grant Group,Entertainment,Delhi,2025-09-10 16:32:16,0,1,1,0
TXN1102,Stephanie Hodges,61,Female,4335.67,"Duarte, Mcknight and Alvarez",Grocery,Pune,2025-09-19 20:55:16,1,1,4,1
TXN1103,Daniel Holden,57,Male,373.09,"Stone, Fitzgerald and Rowland",Healthcare,Bangalore,2025-07-29 02:36:16,1,1,4,1
TXN1104,Mark Bradley,54,Male,1173.81,Garza-Yoder,Fuel,Mumbai,2025-12-22 11:56:16,1,1,0,0
TXN1105,Amy Duncan,39,Female,4065.87,Fisher and Sons,Grocery,Gurgaon,2025-06-14 15:37:16,1,1,3,1
TXN1106,Danielle Gordon,23,Male,3543.82,Rodriguez and Sons,Fuel,Mumbai,2025-08-05 15:47:16,0,1,2,0
TXN1107,Andrea Levy,27,Male,4532.71,Singleton-Lyons,Electronics,Chennai,2026-03-30 00:56:16,1,0,4,1
TXN1108,Katie Tucker,67,Female,2348.62,Hill-Fisher,Travel,Delhi,2026-03-10 08:13:16,1,1,4,1
TXN1109,Jenny Blake,58,Female,3723.62,Zimmerman PLC,Food,Gurgaon,2025-05-24 11:16:16,1,1,0,1
TXN1110,Billy Klein,55,Female,2187.32,"Ward, Holmes and Patrick",Fashion,Gurgaon,2026-03-10 15:56:16,1,0,4,1
TXN1111,Bridget White,64,Female,4456.8,"Pittman, Cain and Wilson",Grocery,Chennai,2025-10-06 16:41:16,0,1,4,1
TXN1112,Stephanie Johnson,53,Male,2773.73,"Daniel, Diaz and Brown",Electronics,Chennai,2026-04-17 09:54:16,0,0,0,0
TXN1113,Rebecca Garrett,66,Male,3481.79,Acosta and Sons,Food,Delhi,2026-05-06 06:47:16,0,0,5,1
TXN1114,Wesley Graham,20,Male,4506.78,Brown and Sons,Fuel,Chennai,2026-04-25 18:09:16,0,0,5,1
TXN1115,Tina Turner,29,Female,542.71,"Carpenter, Fields and Dixon",Fashion,Bangalore,2026-04-30 00:15:16,0,0,1,0
TXN1116,Michael Moore,67,Male,1337.03,"Fowler, Gonzalez and Bolton",Fashion,Delhi,2025-05-15 19:05:16,0,1,2,0
TXN1117,Erika Lewis,34,Female,1406.02,"Ferguson, Adkins and Soto",Entertainment,Chennai,2025-10-07 15:13:16,0,0,4,1
TXN1118,Anne Oconnor,30,Male,4555.53,Fry and Sons,Electronics,Chennai,2025-08-27 22:23:16,1,0,2,1
TXN1119,Alexander Harris,22,Male,3070.94,"Cox, Green and Walton",Healthcare,Pune,2026-04-27 04:11:16,1,1,1,1
TXN1120,Keith Medina,62,Male,832.52,Boyd-Burns,Online Shopping,Chennai,2025-07-22 06:40:16,1,0,1,0
TXN1121,Michael Houston,49,Female,4926.58,Williamson-Moody,Fuel,Delhi,2025-08-13 07:15:16,1,1,0,1
TXN1122,Mark Cohen,39,Female,4147.53,"Garcia, Hughes and Diaz",Travel,Gurgaon,2025-11-11 15:08:16,0,1,1,0
TXN1123,Vicki Holmes,58,Female,2079.95,"Thompson, Gross and Carter",Fuel,Gurgaon,2025-06-30 22:13:16,1,1,0,0
TXN1124,Carol Pearson,22,Male,4998.59,Stevens-Eaton,Electronics,Bangalore,2025-05-15 00:48:16,1,0,4,1
TXN1125,Ellen Carlson,54,Female,3787.84,Carpenter-Hooper,Entertainment,Bangalore,2026-02-13 11:20:16,0,1,5,1
TXN1126,Samantha Taylor,26,Female,654.51,Roberts Group,Travel,Gurgaon,2026-03-17 15:28:16,0,1,3,0
TXN1127,Michelle Mills,18,Female,3361.79,Ramsey-Myers,Healthcare,Bangalore,2025-07-24 02:13:16,1,0,1,1
TXN1128,Cody Medina,51,Male,2386.29,Hebert Group,Electronics,Mumbai,2025-08-21 10:29:16,1,1,0,0
TXN1129,Rebecca Herman,61,Male,2809.08,Burch-Nixon,Fuel,Chennai,2025-09-27 10:53:16,1,1,4,1
TXN1130,William Olson,38,Male,3200.41,Perkins Inc,Electronics,Bangalore,2026-02-21 09:02:16,0,1,5,1
TXN1131,Laura Lowery,51,Male,1759.43,Gallagher-Cummings,Fashion,Chennai,2026-01-29 10:11:16,1,1,2,0
TXN1132,Michael King,68,Female,4521.75,Marsh PLC,Entertainment,Chennai,2025-07-03 22:08:16,1,1,3,1
TXN1133,Justin Pierce,47,Female,3114.21,Franco-Rodriguez,Fashion,Bangalore,2026-03-17 11:36:16,1,0,4,1
TXN1134,Latasha Combs,21,Male,2302.14,"Sanders, Murillo and Cunningham",Food,Bangalore,2025-06-11 10:41:16,0,0,3,0
TXN1135,Timothy Andrade,41,Male,238.85,"Ritter, Leonard and Wright",Food,Chennai,2025-08-18 07:39:16,1,1,4,1
TXN1136,Maria Cruz,60,Female,2902.45,Carlson-Smith,Electronics,Mumbai,2026-01-16 04:46:16,1,0,2,0
TXN1137,James Walker,33,Female,3207.96,"Castro, Woods and Miller",Travel,Bangalore,2025-05-12 23:45:16,0,0,0,0
TXN1138,Alexander Wong,20,Female,4372.84,"Bradley, Hall and Dougherty",Grocery,Delhi,2025-12-03 09:43:16,1,0,2,1
TXN1139,Andrew Bowen,36,Female,4110.74,Reynolds-Bryant,Electronics,Delhi,2026-02-04 18:19:16,1,1,4,1
TXN1140,Candace Moore,23,Female,611.97,Jenkins Group,Fuel,Bangalore,2025-09-16 16:15:16,0,0,5,1
TXN1141,Donna Dixon,51,Female,652.45,"Macdonald, Barnes and Jenkins",Fuel,Delhi,2025-10-01 15:14:16,0,1,0,0
TXN1142,William Morgan,43,Female,3999.06,"Larson, Lee and Holmes",Electronics,Pune,2026-01-06 05:54:16,0,0,5,1
TXN1143,Patricia Benson,60,Male,4605.15,Medina-Lee,Fashion,Delhi,2026-03-07 11:15:16,0,0,3,0
TXN1144,Shawn Davidson,18,Female,431.74,"Baker, Patton and Fuller",Food,Pune,2025-05-17 08:26:16,1,1,5,1
TXN1145,Luis Bailey,31,Female,3095.09,Miller-Vazquez,Fashion,Pune,2026-02-18 04:39:16,1,1,4,1
TXN1146,Natasha Mccarthy,43,Male,193.05,Diaz-Jones,Electronics,Mumbai,2025-06-29 09:34:16,0,1,2,0
TXN1147,Dawn Allen,64,Male,4223.76,"Lambert, Bryant and Wolf",Travel,Mumbai,2025-05-09 12:41:16,0,0,4,1
TXN1148,Rick Moody,35,Male,2242.59,Mason and Sons,Grocery,Gurgaon,2025-09-22 09:26:16,1,1,0,0
TXN1149,Nathan Hill,54,Female,919.6,Carlson-Jordan,Grocery,Mumbai,2026-03-29 11:02:16,1,1,5,1
TXN1150,Brian Cook,43,Female,2681.32,Hansen and Sons,Electronics,Chennai,2026-04-12 11:28:16,0,1,3,0
TXN1151,Tamara Norman,42,Male,3398.72,"Cooley, Pratt and Santiago",Entertainment,Delhi,2026-03-01 18:56:16,0,0,1,0
TXN1152,Larry Johnson,64,Female,2925.16,Griffin-Walters,Travel,Delhi,2026-04-03 13:33:16,0,0,0,0
TXN1153,Jonathan Davis,61,Female,646.63,Garcia Inc,Fashion,Gurgaon,2026-01-26 21:49:16,0,1,1,0
TXN1154,Phillip Fernandez,51,Female,1229.32,Bennett and Sons,Entertainment,Bangalore,2025-06-26 15:35:16,1,1,4,1
TXN1155,Tami Moore,50,Male,47.6,Jordan-Neal,Grocery,Gurgaon,2025-08-03 22:35:16,1,1,3,0
TXN1156,Hannah Chan,47,Male,940.97,Moore PLC,Electronics,Mumbai,2025-06-23 03:46:16,0,1,0,0
TXN1157,Joshua Davis,20,Male,2627.31,Perry Ltd,Travel,Gurgaon,2026-03-28 23:05:16,1,1,5,1
TXN1158,Jason Bean,19,Male,2884.23,Fry LLC,Entertainment,Chennai,2026-02-22 00:26:16,1,0,5,1
TXN1159,Tammy Murphy,66,Female,2458.84,"Gibson, Branch and Taylor",Healthcare,Gurgaon,2026-03-07 02:26:16,1,1,2,0
TXN1160,Christopher Thompson,25,Male,2388.33,"Johnson, Richardson and Romero",Travel,Bangalore,2025-11-15 16:36:16,1,1,5,1
TXN1161,Jeremy Lee,43,Female,1625.16,Curtis LLC,Entertainment,Pune,2025-08-05 08:08:16,0,1,3,0
TXN1162,Charles Dennis,66,Male,2653.9,Nichols Group,Healthcare,Bangalore,2026-05-06 14:03:16,1,0,4,1
TXN1163,Alex Stanley,28,Female,4660.75,Conley-Perez,Online Shopping,Delhi,2025-06-08 17:38:16,1,1,0,1
TXN1164,Joseph Sharp,23,Male,1689.66,"Scott, Austin and Blackwell",Food,Pune,2026-04-27 23:18:16,1,1,1,0
TXN1165,Amber Larson,61,Female,1016.64,Strong-Sullivan,Grocery,Mumbai,2025-11-21 02:21:16,1,0,0,0
TXN1166,Connie Anderson,54,Female,23.53,"Myers, Solis and Johnson",Fuel,Chennai,2025-08-15 17:26:16,1,0,5,1
TXN1167,Christopher Lewis,52,Male,1750.85,"Cunningham, Ball and Morgan",Food,Chennai,2025-07-06 22:41:16,0,1,3,0
TXN1168,Hannah Allen,67,Male,630.24,Faulkner-Miller,Online Shopping,Gurgaon,2025-12-22 02:29:16,0,0,2,0
TXN1169,Sarah Andrade,52,Male,4632.98,Morris PLC,Fuel,Delhi,2025-06-21 05:41:16,0,1,4,1
TXN1170,Jason Maxwell,25,Female,4141.43,Schmidt Group,Online Shopping,Chennai,2025-09-20 13:41:16,1,1,5,1
TXN1171,Michael Boyd,52,Female,829.69,"Miller, Douglas and Watts",Fuel,Mumbai,2026-05-02 08:42:16,1,0,5,1
TXN1172,Aaron Robinson DDS,43,Female,4540.25,Smith-Sanchez,Food,Pune,2026-02-07 14:59:16,0,0,0,0
TXN1173,John Robles,35,Female,4084.83,Baker PLC,Entertainment,Bangalore,2025-07-16 20:27:16,1,0,2,1
TXN1174,Karen Gregory,55,Female,2703.51,Alvarez and Sons,Fashion,Pune,2026-03-05 13:08:16,1,0,0,0
TXN1175,Heather Clark,34,Female,4498.88,Lee and Sons,Online Shopping,Gurgaon,2025-07-02 20:01:16,1,1,2,1
TXN1176,Derek Bryant,56,Female,593.32,"Oliver, Malone and Lawrence",Fuel,Bangalore,2025-12-25 01:34:16,0,0,2,0
TXN1177,Steven Myers,25,Female,3471.65,"Elliott, Ingram and Bruce",Food,Gurgaon,2026-04-22 13:12:16,0,1,0,0
TXN1178,Mary Hendrix,69,Female,3709.89,Richard Group,Entertainment,Gurgaon,2025-12-01 21:44:16,0,1,0,0
TXN1179,Jennifer Grimes,54,Male,3895.07,Taylor-Chavez,Travel,Pune,2025-07-23 00:19:16,1,0,1,1
TXN1180,Kathleen Petty,27,Female,2474.97,Kelley-Young,Electronics,Pune,2025-06-12 02:47:16,1,0,5,1
TXN1181,Alice Davis,30,Male,562.05,Martinez and Sons,Entertainment,Chennai,2025-09-21 15:17:16,0,0,3,0
TXN1182,Lisa Thomas,32,Female,3988.5,Cook-Carey,Fashion,Bangalore,2025-08-19 13:37:16,1,0,3,1
TXN1183,Mr. Nathan Smith,62,Female,3602.98,Wright PLC,Online Shopping,Gurgaon,2026-02-01 08:50:16,1,1,3,1
TXN1184,Melissa Hart,53,Male,3583.73,Anderson-Terry,Electronics,Mumbai,2025-07-28 23:21:16,1,0,2,1
TXN1185,Terry Clark,27,Male,1719.2,Hartman-Trujillo,Entertainment,Delhi,2025-12-24 20:18:16,0,1,1,0
TXN1186,Jacqueline Jones,63,Male,3078.6,"Lang, Tanner and Ford",Fashion,Delhi,2025-10-01 15:01:16,0,1,5,1
TXN1187,Glenn Foster,35,Male,3061.16,Smith-Brown,Fashion,Bangalore,2026-01-16 19:41:16,1,1,2,1
TXN1188,Troy Smith,29,Male,520.04,Nelson-Stewart,Food,Pune,2025-06-17 22:45:16,1,0,4,1
TXN1189,Ronald Cohen Jr.,25,Male,3260.32,Rose and Sons,Travel,Delhi,2026-02-04 18:47:16,1,0,2,1
TXN1190,Daniel Carpenter,46,Female,530.19,"Davis, Jones and Velazquez",Travel,Mumbai,2025-07-14 06:30:16,1,1,0,0
TXN1191,Javier Williams,63,Female,1187.17,Potter Group,Fashion,Chennai,2025-05-26 14:05:16,0,1,5,1
TXN1192,John Swanson,40,Female,4605.0,Mcpherson and Sons,Online Shopping,Mumbai,2025-06-22 05:46:16,0,1,2,1
TXN1193,David Flowers,57,Female,3043.39,Huber PLC,Fashion,Chennai,2025-07-02 19:31:16,1,1,3,1
TXN1194,Barbara Garrett,43,Female,1674.16,"Miller, Hernandez and Rodriguez",Fashion,Mumbai,2026-03-05 08:16:16,1,1,1,0
TXN1195,Hannah Rodriguez,28,Male,4615.57,Green Ltd,Food,Gurgaon,2025-10-10 02:14:16,1,1,0,1
TXN1196,Jeffrey Ortiz,60,Female,173.9,Dickerson-Vincent,Grocery,Chennai,2025-08-29 08:47:16,1,1,0,0
TXN1197,Julie Mendez,24,Male,835.91,Pierce Ltd,Grocery,Pune,2025-05-29 02:52:16,1,1,4,1
TXN1198,Mary Dominguez,60,Male,3165.0,Jackson-Carter,Healthcare,Mumbai,2025-12-02 10:20:16,0,1,0,0
TXN1199,Edward Mercer,24,Male,4877.95,Shields-Ortiz,Electronics,Chennai,2025-05-11 11:21:16,0,1,5,1
TXN1200,Rodney Dunn,39,Female,435.89,Roberts Ltd,Grocery,Pune,2025-10-30 19:52:16,1,0,0,0
TXN1201,Rachel Dorsey,49,Male,344.71,"Stewart, Hanson and Leach",Fashion,Bangalore,2025-10-04 08:42:16,1,0,2,0
TXN1202,Amy Peterson,49,Male,2346.48,Norton-Harris,Travel,Pune,2025-07-06 15:12:16,1,1,5,1
TXN1203,Jordan Cunningham,33,Male,2828.56,Castro-Francis,Fashion,Gurgaon,2026-04-20 03:27:16,1,1,2,0
TXN1204,William Lindsey,64,Male,2642.96,Moyer Group,Fuel,Delhi,2026-01-14 10:11:16,0,0,5,1
TXN1205,Robert Gardner,68,Female,784.65,Sanders Inc,Online Shopping,Bangalore,2025-08-16 05:02:16,0,1,2,0
TXN1206,Dr. Virginia Thomas,49,Male,1368.79,Reed Ltd,Fashion,Pune,2025-11-27 03:18:16,0,1,3,0
TXN1207,Kristina Smith,49,Female,3582.7,Ford-Franklin,Fashion,Pune,2025-05-23 20:40:16,1,1,0,1
TXN1208,Shelia Taylor,20,Male,1163.06,Matthews-Key,Food,Gurgaon,2025-08-25 19:47:16,0,1,0,0
TXN1209,Madison Mullen,64,Male,2851.52,"Bailey, Rivera and King",Electronics,Chennai,2026-03-18 03:13:16,1,1,1,0
TXN1210,Natalie Thompson,52,Female,1223.43,"Lewis, Humphrey and Hogan",Electronics,Mumbai,2026-02-18 03:55:16,0,0,2,0
TXN1211,Lisa Hernandez,33,Female,1991.95,"Lee, Reyes and Turner",Fuel,Delhi,2025-11-23 06:20:16,0,0,5,1
TXN1212,Julie Walsh,48,Male,1626.71,Herrera LLC,Entertainment,Gurgaon,2026-04-30 18:34:16,1,1,0,0
TXN1213,Christian Thompson,40,Male,4242.16,"Chaney, Gray and Rasmussen",Entertainment,Chennai,2026-01-15 09:05:16,0,1,4,1
TXN1214,Brittany Hopkins,35,Female,4464.43,Davidson-Acevedo,Fashion,Delhi,2025-07-08 23:21:16,1,0,2,1
TXN1215,Victoria Monroe,59,Female,4127.29,Warner-Johnston,Fuel,Mumbai,2025-10-24 04:46:16,1,0,3,1
TXN1216,Donald Reed,37,Female,3124.5,"Juarez, Olson and Murphy",Online Shopping,Chennai,2025-08-24 19:07:16,1,0,4,1
TXN1217,Samantha Mayo,61,Female,1105.36,Herrera and Sons,Fashion,Mumbai,2025-05-30 16:17:16,0,1,0,0
TXN1218,Taylor Powers,27,Male,2833.23,Ramos and Sons,Food,Chennai,2026-03-09 14:18:16,0,0,0,0
TXN1219,Dylan Hoover,67,Female,122.12,Smith-Johnson,Food,Mumbai,2026-04-23 19:01:16,0,0,1,0
TXN1220,Lindsey Hernandez,62,Male,2018.72,Moore-Bartlett,Food,Mumbai,2025-10-18 06:19:16,1,0,2,0
TXN1221,Thomas Cummings,63,Male,4922.17,Griffin-Clark,Fashion,Mumbai,2026-04-08 15:07:16,0,1,4,1
TXN1222,Stephanie Hamilton,28,Male,4114.69,Rice PLC,Electronics,Chennai,2025-12-30 06:59:16,0,0,3,0
TXN1223,Amanda West,58,Male,1377.54,Wood-Klein,Healthcare,Mumbai,2026-04-20 23:16:16,1,0,5,1
TXN1224,Kathleen Williams,29,Male,1040.04,Morales-Hoffman,Fashion,Delhi,2025-05-10 06:20:16,0,1,2,0
TXN1225,Zachary Diaz,48,Male,4370.71,"Hood, Rice and Mccall",Electronics,Gurgaon,2025-11-21 02:29:16,1,1,4,1
TXN1226,Lauren Jackson,24,Male,2870.74,Taylor-King,Fuel,Pune,2025-10-29 14:39:16,0,0,3,0
TXN1227,Rebecca Jackson,60,Female,930.01,Spencer Group,Fuel,Chennai,2025-11-07 23:50:16,0,0,1,0
TXN1228,Gregory James,46,Female,1952.59,Rasmussen Ltd,Entertainment,Gurgaon,2025-07-15 17:05:16,0,1,0,0
TXN1229,Timothy Gill,56,Female,3055.92,Daniel-Thompson,Electronics,Delhi,2025-07-02 01:46:16,1,0,5,1
TXN1230,Mary Atkinson,39,Male,3665.53,"Herrera, Martinez and Flores",Travel,Bangalore,2025-07-22 23:54:16,1,1,3,1
TXN1231,Johnny Walker,36,Female,2979.44,"Holland, Delgado and Aguilar",Fuel,Pune,2025-06-04 14:58:16,1,0,1,0
TXN1232,Tracy Simpson,26,Male,3856.85,"Li, Ali and Oneal",Online Shopping,Chennai,2026-02-23 19:01:16,0,1,0,0
TXN1233,Christina Burke,18,Female,2482.5,Reyes-Wells,Food,Gurgaon,2026-01-23 18:16:16,1,1,2,0
TXN1234,Lawrence Price,20,Female,398.05,"Griffin, Sawyer and Johnson",Entertainment,Chennai,2026-01-19 15:50:16,0,1,5,1
TXN1235,Ashley Gomez,55,Female,2955.25,Ramirez-Clarke,Healthcare,Chennai,2025-08-05 22:57:16,1,1,2,0
TXN1236,Jason Chavez,66,Male,692.72,"Wiley, Huber and Harris",Fuel,Delhi,2025-06-11 04:52:16,0,0,3,0
TXN1237,David Huber,33,Male,4366.0,Martin-Ramirez,Entertainment,Delhi,2025-08-16 07:24:16,1,0,4,1
TXN1238,Elizabeth Rodriguez,33,Male,4247.49,"Foley, Wilson and Bolton",Online Shopping,Pune,2026-04-12 10:16:16,1,0,3,1
TXN1239,Carlos Washington,32,Female,3468.94,Johnson and Sons,Healthcare,Chennai,2025-05-07 13:09:16,1,0,1,1
TXN1240,Todd Stephenson,33,Female,4626.99,Walker PLC,Fashion,Bangalore,2025-07-29 07:19:16,0,0,1,0
TXN1241,Megan Rodriguez,24,Male,179.39,"Finley, Graham and Stone",Fuel,Mumbai,2026-01-10 21:32:16,0,1,2,0
TXN1242,Richard Sullivan,65,Female,585.26,"Meyers, Harper and Perry",Electronics,Bangalore,2025-06-26 05:12:16,0,1,1,0
TXN1243,Holly Simon,48,Male,4311.59,Beck-Smith,Fashion,Delhi,2026-01-24 11:27:16,0,1,2,0
TXN1244,Jennifer Mcgrath,61,Female,611.63,"Carrillo, Wilson and Cole",Healthcare,Bangalore,2026-01-30 01:04:16,0,0,2,0
TXN1245,Tammy Phillips,57,Male,2210.75,"Johnson, Moyer and Padilla",Entertainment,Delhi,2025-05-08 21:26:16,0,0,0,0
TXN1246,Francisco Morales,21,Male,3955.71,"Martinez, Cook and Jackson",Online Shopping,Mumbai,2025-10-10 03:25:16,1,1,4,1
TXN1247,Jordan Williams,59,Female,4384.56,"Morales, Griffith and Browning",Healthcare,Mumbai,2025-07-01 00:59:16,1,1,1,1
TXN1248,Jacob Hughes,47,Female,11.19,"Herrera, Murphy and Lopez",Electronics,Delhi,2025-08-11 15:23:16,0,0,2,0
TXN1249,Aaron Hall,56,Male,57.33,Reyes LLC,Electronics,Bangalore,2026-04-08 11:12:16,1,1,5,1
TXN1250,Tim Mccall,61,Female,3141.25,Nelson-Jacobson,Fuel,Gurgaon,2025-09-13 12:44:16,1,0,1,1
TXN1251,Samantha Garza,47,Male,2094.66,"Trujillo, Taylor and Garrett",Healthcare,Gurgaon,2025-05-13 08:36:16,0,1,0,0
TXN1252,Alison Pierce,47,Female,26.7,Wright LLC,Online Shopping,Chennai,2025-12-16 04:11:16,1,0,1,0
TXN1253,Natalie Morris,21,Male,3580.61,Davis-Jacobs,Entertainment,Pune,2025-07-18 12:40:16,0,0,4,1
TXN1254,Randall Kelly,63,Male,235.05,Meyer-Guzman,Fashion,Mumbai,2025-07-06 04:37:16,0,1,3,0
TXN1255,Taylor White,54,Female,3933.86,"Gould, Myers and Hernandez",Healthcare,Delhi,2025-10-21 20:45:16,0,1,5,1
TXN1256,Joseph Fuller,41,Female,2342.33,Sims and Sons,Travel,Mumbai,2025-06-09 02:16:16,1,0,3,0
TXN1257,Michael Martin,21,Female,1166.04,Charles-King,Electronics,Gurgaon,2025-12-10 05:48:16,0,1,2,0
TXN1258,Cassie Conway,62,Male,610.49,Sullivan PLC,Fuel,Delhi,2026-01-21 01:44:16,1,1,1,0
TXN1259,Margaret Mahoney,58,Female,940.33,"Powell, Wilkins and Munoz",Entertainment,Bangalore,2025-08-21 04:35:16,0,1,4,1
TXN1260,Marcia Collier,22,Male,3152.59,Clark and Sons,Healthcare,Mumbai,2025-10-04 11:32:16,1,1,2,1
TXN1261,Evan Rivera,37,Male,4974.59,Keith LLC,Entertainment,Delhi,2026-03-07 18:06:16,0,1,1,0
TXN1262,Maria Small,35,Female,3483.14,Reynolds-Matthews,Online Shopping,Delhi,2025-10-04 01:09:16,1,1,2,1
TXN1263,Joe Gordon,55,Female,3118.46,"Williams, Morrison and Soto",Food,Bangalore,2026-02-07 19:37:16,0,0,5,1
TXN1264,Christine Boyle,54,Male,466.52,Rogers-Roberson,Online Shopping,Pune,2026-01-22 04:38:16,0,1,2,0
TXN1265,Mr. Allen Martin,45,Female,2388.62,Hanson Ltd,Travel,Mumbai,2025-10-25 02:29:16,0,0,1,0
TXN1266,Jonathan Hall,26,Female,1651.97,Burke Ltd,Food,Mumbai,2026-04-12 23:30:16,0,0,2,0
TXN1267,Amber Morrow,51,Male,2048.18,Smith and Sons,Fuel,Gurgaon,2026-03-30 19:42:16,1,1,4,1
TXN1268,Melissa Mills,65,Female,2484.42,Rodriguez Inc,Travel,Gurgaon,2026-03-31 12:28:16,0,1,3,0
TXN1269,Chris Cabrera MD,22,Female,4957.46,Johnson-Potter,Fashion,Bangalore,2026-01-13 19:56:16,0,1,5,1
TXN1270,Jeffrey Padilla,46,Male,4533.5,Ramsey-Snyder,Fashion,Gurgaon,2025-06-18 04:01:16,1,0,1,1
TXN1271,Dorothy Davis,57,Male,2833.0,Murray PLC,Healthcare,Bangalore,2025-09-13 03:35:16,0,0,2,0
TXN1272,Julie Brooks,33,Female,3295.67,"Elliott, Lopez and Gibson",Fuel,Pune,2025-05-19 12:00:16,0,1,4,1
TXN1273,David Thomas,60,Male,1201.06,Hopkins Group,Healthcare,Pune,2025-11-07 18:05:16,1,0,2,0
TXN1274,Shannon Hill,55,Male,954.22,Ruiz Ltd,Fuel,Delhi,2025-12-25 16:56:16,1,0,1,0
TXN1275,Alexis Johnson,68,Male,4396.57,Ward-Mccarthy,Grocery,Mumbai,2025-11-28 16:48:16,1,1,5,1
TXN1276,Jeffery Long,56,Male,812.19,Hoffman Group,Healthcare,Bangalore,2025-05-17 02:27:16,1,1,4,1
TXN1277,James Vang,46,Female,1300.85,Hernandez-Gibbs,Healthcare,Chennai,2025-09-25 14:55:16,0,1,2,0
TXN1278,Alec Garcia,66,Male,2803.62,Robinson-Ward,Healthcare,Delhi,2025-05-13 01:41:16,1,1,4,1
TXN1279,Michelle Myers,52,Female,650.96,"Lopez, Ross and Watson",Travel,Bangalore,2026-02-22 19:09:16,0,0,1,0
TXN1280,Christopher Wood,45,Female,3166.78,Good PLC,Fashion,Chennai,2025-09-27 23:12:16,1,0,5,1
TXN1281,Alicia Dickerson,21,Male,877.03,"Lewis, Holmes and Walker",Fashion,Pune,2025-09-08 00:14:16,1,1,0,0
TXN1282,Rebecca Smith,29,Male,346.08,Smith-Lozano,Online Shopping,Delhi,2025-10-26 06:15:16,1,1,2,0
TXN1283,Shelby Thomas,35,Male,4358.97,"Torres, Rodriguez and Dean",Healthcare,Bangalore,2025-10-27 13:12:16,0,0,3,0
TXN1284,Jaime Johnson,53,Female,3241.39,"Jones, Price and Wright",Fuel,Mumbai,2026-04-30 17:08:16,0,0,5,1
TXN1285,Danielle Olsen,64,Male,2448.33,Davis PLC,Electronics,Bangalore,2026-03-10 05:15:16,0,0,1,0
TXN1286,Kevin Hill,63,Female,2348.01,Scott PLC,Travel,Pune,2026-05-03 11:06:16,1,0,4,1
TXN1287,Morgan Knight,58,Male,826.48,Moore-Rice,Travel,Chennai,2025-07-26 16:49:16,0,1,1,0
TXN1288,David Harris,64,Male,3405.69,"Fritz, White and Gomez",Entertainment,Bangalore,2026-04-15 17:14:16,0,1,2,0
TXN1289,Stacey Leon,34,Female,4816.55,"Martinez, Simpson and Abbott",Fuel,Mumbai,2026-02-04 06:54:16,0,1,4,1
TXN1290,Amanda Joyce,37,Female,1994.0,Burns Ltd,Food,Bangalore,2025-08-23 22:26:16,1,1,1,0
TXN1291,Kyle Bradley,52,Female,165.36,Hunter PLC,Entertainment,Pune,2025-07-30 04:29:16,1,0,1,0
TXN1292,Chad Douglas,32,Male,2362.95,Stevenson-Dickerson,Travel,Bangalore,2026-04-10 19:41:16,0,1,5,1
TXN1293,Mr. Bob Benson Jr.,42,Female,4344.43,"Lee, Griffith and Rice",Online Shopping,Delhi,2025-07-02 20:26:16,0,1,2,1
TXN1294,Allen Allen MD,63,Male,2656.47,Long-Burton,Travel,Bangalore,2025-10-21 01:12:16,1,0,3,0
TXN1295,Alyssa Garrison,41,Female,4605.03,"Thompson, Flores and Morgan",Electronics,Mumbai,2026-03-22 13:16:16,1,1,5,1
TXN1296,Dr. Robin Palmer MD,31,Male,2995.65,Mccall-Martinez,Entertainment,Delhi,2025-09-13 08:05:16,1,1,0,0
TXN1297,John Gutierrez,55,Male,1135.45,"Mccarty, Garcia and Richardson",Entertainment,Delhi,2025-06-22 05:47:16,1,0,4,1
TXN1298,Steven Leblanc,19,Male,3989.82,"Walker, Hess and Evans",Healthcare,Delhi,2026-03-04 15:24:16,1,0,4,1
TXN1299,Matthew Ramirez,35,Male,3405.48,Hines-Mitchell,Grocery,Bangalore,2025-06-03 13:54:16,1,0,5,1
TXN1300,Martin Spencer,49,Female,3288.35,Garcia Ltd,Fuel,Pune,2025-10-03 02:41:16,0,0,5,1
TXN1301,James Burns,58,Male,207.7,Gibson-Wilson,Fashion,Mumbai,2025-10-05 09:17:16,0,1,0,0
TXN1302,William Hughes,34,Male,522.93,Hernandez PLC,Fashion,Mumbai,2026-03-22 13:25:16,1,0,5,1
TXN1303,Vanessa Campbell,39,Male,1059.64,"Romero, Nguyen and Fox",Food,Gurgaon,2025-11-27 18:01:16,1,0,1,0
TXN1304,Devin Ross,50,Male,2593.38,Carroll Ltd,Fuel,Pune,2025-07-22 19:28:16,0,0,5,1
TXN1305,Tonya Garcia,50,Male,4124.33,Conway-Sherman,Fashion,Gurgaon,2025-12-04 06:02:16,0,1,1,0
TXN1306,April Stewart,55,Male,2842.03,King-Rodriguez,Entertainment,Mumbai,2025-11-14 10:26:16,0,1,1,0
TXN1307,Karen Todd,59,Male,845.74,"Johnson, Forbes and Barrett",Online Shopping,Pune,2025-07-06 20:30:16,0,1,4,1
TXN1308,Christopher Moore,20,Female,4482.14,"Wang, Ryan and Ramirez",Grocery,Chennai,2026-04-28 22:32:16,1,1,0,1
TXN1309,Glenn Richmond,67,Female,4676.66,"Mcguire, Guzman and Ramirez",Grocery,Bangalore,2025-06-13 10:13:16,0,1,5,1
TXN1310,Caleb Johnson,37,Male,1703.86,Moore-Chang,Electronics,Pune,2025-08-29 21:30:16,1,0,3,0
TXN1311,Sheila Turner,33,Male,2742.49,Morgan-Mckenzie,Healthcare,Pune,2025-06-27 06:15:16,1,0,2,0
TXN1312,Matthew Adams,58,Female,828.36,Shields-Cox,Fuel,Chennai,2026-04-23 17:23:16,0,0,5,1
TXN1313,Craig Smith,29,Male,1243.05,"Young, Jackson and Banks",Fuel,Delhi,2026-04-12 14:50:16,1,0,1,0
TXN1314,Christopher Patton,36,Male,4879.57,Robinson Inc,Food,Delhi,2025-05-16 15:33:16,1,1,4,1
TXN1315,Joseph Barber,49,Female,2496.0,Haynes-Nichols,Online Shopping,Gurgaon,2026-02-14 22:23:16,1,0,2,0
TXN1316,Michael Butler,39,Male,1668.25,"Myers, Farmer and Davis",Fashion,Bangalore,2025-06-29 18:42:16,0,1,2,0
TXN1317,Amanda Perez,45,Female,1005.72,"Boyer, Mejia and White",Electronics,Bangalore,2026-04-02 06:26:16,1,1,0,0
TXN1318,Peter Hunter,24,Female,2318.49,Aguilar-Riddle,Entertainment,Bangalore,2025-05-22 07:10:16,0,1,1,0
TXN1319,Tyler Hensley,41,Female,2133.21,Torres Ltd,Healthcare,Pune,2026-05-03 16:21:16,1,0,3,0
TXN1320,Jacqueline Chaney,41,Female,2721.07,Harris-Burgess,Electronics,Gurgaon,2026-01-31 19:05:16,0,1,1,0
TXN1321,Edward Ortiz,51,Female,2438.48,Byrd Inc,Electronics,Delhi,2026-03-02 13:07:16,1,1,3,0
TXN1322,Laura Andrews,23,Female,3278.5,"Nichols, Reed and Wright",Fuel,Pune,2025-09-06 08:43:16,1,0,5,1
TXN1323,Frank Avila,29,Female,1925.4,Garcia-Cox,Healthcare,Gurgaon,2026-04-19 20:20:16,0,1,0,0
TXN1324,Judith Griffin,52,Female,3882.24,"Miller, Shaw and Morse",Fashion,Chennai,2026-01-27 12:11:16,0,0,1,0
TXN1325,Antonio Rodriguez,61,Female,1870.51,Lee LLC,Healthcare,Pune,2026-05-05 05:04:16,0,0,4,1
TXN1326,Donald Wilson,55,Male,2466.47,"Martin, Jones and Frazier",Fuel,Delhi,2025-06-23 05:41:16,0,0,4,1
TXN1327,Crystal Sanchez,64,Male,2968.66,Bernard Inc,Healthcare,Bangalore,2025-09-18 08:39:16,1,0,5,1
TXN1328,Anna Orr,34,Male,1961.5,Obrien PLC,Fuel,Bangalore,2026-04-10 02:06:16,1,1,4,1
TXN1329,Bryan Medina,22,Male,1632.7,Rodriguez-Brown,Travel,Pune,2025-11-24 15:18:16,1,1,2,0
TXN1330,Alexandra Hernandez,27,Female,376.75,Summers LLC,Fashion,Mumbai,2025-08-10 12:31:16,0,0,4,1
TXN1331,Melissa Smith,27,Male,3350.26,"Higgins, Ross and Kaufman",Fuel,Pune,2025-05-12 03:36:16,1,0,3,1
TXN1332,Thomas Roberts,25,Female,3089.55,"Gomez, Taylor and Pennington",Fashion,Chennai,2026-05-06 06:21:16,1,0,3,1
TXN1333,Melissa Baker,60,Female,3684.65,"Salas, Jennings and Smith",Fuel,Mumbai,2025-10-15 22:52:16,0,0,0,0
TXN1334,Michael Gonzalez,61,Male,2237.38,"Mills, Abbott and Hall",Fuel,Mumbai,2025-10-12 21:57:16,1,0,2,0
TXN1335,Karen Knight,37,Female,1356.05,"Johnson, Sloan and Gonzalez",Healthcare,Chennai,2025-12-28 19:04:16,0,1,3,0
TXN1336,Christopher Blackwell,43,Female,206.32,Williams-Brown,Travel,Chennai,2026-01-09 01:35:16,0,1,4,1
TXN1337,Jason Martinez,22,Male,525.51,Newman-Wallace,Electronics,Mumbai,2025-11-09 14:29:16,0,0,1,0
TXN1338,Devin Garcia,37,Female,4933.28,"Cruz, Jackson and Matthews",Grocery,Bangalore,2025-10-03 17:07:16,1,1,0,1
TXN1339,Carol Hernandez,67,Male,4865.76,Dominguez Group,Electronics,Delhi,2026-03-29 03:54:16,1,1,2,1
TXN1340,Nancy Dean,67,Female,1719.84,"Foley, Berry and Wade",Online Shopping,Gurgaon,2025-07-17 08:18:16,1,0,5,1
TXN1341,Christopher Taylor,62,Male,726.28,Smith-Skinner,Healthcare,Chennai,2025-09-15 05:33:16,0,1,1,0
TXN1342,Sandra King,38,Female,478.56,Fitzgerald-Martinez,Online Shopping,Bangalore,2025-08-16 22:36:16,0,0,5,1
TXN1343,Crystal Armstrong,64,Male,3466.2,Johnson-Johnson,Entertainment,Pune,2025-06-30 05:15:16,0,0,2,0
TXN1344,Sherri Davis,27,Male,97.4,Holder Ltd,Fashion,Mumbai,2025-12-13 19:54:16,0,1,0,0
TXN1345,Michael Anderson,29,Male,574.42,Lynn-Stevens,Healthcare,Pune,2025-05-27 14:37:16,1,0,0,0
TXN1346,Trevor Mcguire,18,Female,1086.22,"Tyler, Thompson and Walker",Food,Chennai,2025-12-16 06:53:16,1,0,4,1
TXN1347,Christopher Walker,58,Female,541.9,"Oconnor, Morgan and Nelson",Online Shopping,Delhi,2025-09-30 01:51:16,0,0,5,1
TXN1348,Jacob Walker,26,Male,4333.53,Page Ltd,Healthcare,Pune,2026-02-07 12:28:16,0,0,0,0
TXN1349,Daniel Lewis,30,Male,1450.54,King-Decker,Grocery,Chennai,2025-06-18 02:03:16,1,0,5,1
TXN1350,Nicholas Wells,21,Female,3341.29,Sullivan PLC,Grocery,Gurgaon,2026-02-14 15:00:16,1,1,2,1
TXN1351,Bobby Rowland MD,62,Female,4090.99,Douglas-Mcdonald,Food,Chennai,2025-05-28 06:34:16,1,1,0,1
TXN1352,Samuel Castillo,38,Female,1629.68,Green LLC,Electronics,Chennai,2026-02-20 21:26:16,0,0,4,1
TXN1353,Jamie Lang,36,Female,1948.9,"Li, Moody and Hall",Entertainment,Gurgaon,2025-07-06 11:06:16,1,0,3,0
TXN1354,Ms. Casey Green,55,Female,375.25,Garza-Hall,Travel,Bangalore,2025-05-17 19:55:16,1,1,5,1
TXN1355,Kim Martin,27,Female,3799.13,Boyle PLC,Travel,Bangalore,2025-08-16 01:20:16,0,1,1,0
TXN1356,Pamela Ali,25,Male,2600.22,Newton-Herrera,Fuel,Delhi,2026-01-10 16:36:16,1,1,1,0
TXN1357,Jesse Paul,65,Male,2905.06,Hodge-Bailey,Travel,Delhi,2025-07-12 00:26:16,0,1,2,0
TXN1358,Bryan Le,65,Female,2751.58,Flowers LLC,Entertainment,Mumbai,2025-07-09 09:57:16,0,1,2,0
TXN1359,Justin Alvarez,60,Female,100.98,Hicks-Booth,Food,Mumbai,2026-01-20 05:25:16,1,1,4,1
TXN1360,Justin Hale,32,Female,1224.98,"Adams, Gonzalez and Oconnell",Fashion,Gurgaon,2025-10-16 09:26:16,0,0,3,0
TXN1361,Bradley Rodriguez,38,Female,2401.12,Figueroa LLC,Online Shopping,Gurgaon,2025-08-06 02:27:16,0,0,4,1
TXN1362,Donald Ward,21,Female,1291.32,"Hall, Lopez and Johnson",Grocery,Delhi,2026-03-16 14:14:16,1,1,4,1
TXN1363,Heidi Hoffman,64,Female,2665.98,Torres-Brennan,Fashion,Pune,2025-12-22 11:59:16,0,0,3,0
TXN1364,Jim Fitzgerald,47,Female,3583.59,Smith Group,Travel,Bangalore,2026-02-20 00:15:16,1,1,0,1
TXN1365,Larry Woodard,47,Female,913.94,Sanchez-Rodriguez,Grocery,Gurgaon,2025-05-21 16:31:16,0,0,4,1
TXN1366,Brittany Wright,48,Female,3548.14,"Acevedo, Mcintosh and Peterson",Online Shopping,Bangalore,2025-06-29 10:59:16,0,1,4,1
TXN1367,William Jones,59,Female,4589.58,Hughes-Chambers,Online Shopping,Bangalore,2026-02-12 23:47:16,0,0,5,1
TXN1368,Ryan Walsh,18,Male,1873.81,Banks-Smith,Entertainment,Bangalore,2025-11-15 17:54:16,1,1,2,0
TXN1369,Dr. Desiree Olson,30,Male,3012.04,Mejia Inc,Food,Pune,2026-01-09 07:19:16,1,0,3,1
TXN1370,Brent Osborne,26,Male,3970.78,"Lopez, Kaiser and Williams",Grocery,Mumbai,2025-08-09 18:17:16,1,1,1,1
TXN1371,Jacob Lowe,59,Female,4501.12,Gomez-Bennett,Travel,Pune,2025-10-11 11:15:16,0,1,2,0
TXN1372,Mr. Joshua Turner II,54,Female,1517.28,Arnold-Johnson,Travel,Gurgaon,2025-12-06 09:05:16,1,1,3,0
TXN1373,David Beasley,56,Female,3341.07,Coleman Group,Fashion,Gurgaon,2025-12-12 09:05:16,0,1,1,0
TXN1374,Michael Haynes,50,Female,2125.48,"Brewer, Hayes and Brown",Electronics,Gurgaon,2026-02-27 12:52:16,1,0,2,0
TXN1375,Kayla Tran,61,Female,4315.36,Baker-Harris,Fashion,Chennai,2026-01-08 07:24:16,0,0,5,1
TXN1376,Ricky Campos,65,Female,1568.24,Peterson Inc,Travel,Pune,2025-11-28 17:31:16,1,0,0,0
TXN1377,Amy Mcfarland,31,Male,3163.76,"Cummings, Schultz and Walter",Grocery,Pune,2025-08-27 02:06:16,0,0,4,1
TXN1378,Richard Harper,35,Male,2027.55,"Reed, Tate and Snyder",Fuel,Bangalore,2026-01-02 21:00:16,1,0,0,0
TXN1379,Devin Jones,28,Female,4956.37,"Kim, Harris and Townsend",Food,Gurgaon,2025-10-31 14:22:16,1,0,3,1
TXN1380,Kimberly Potter,43,Male,1692.76,"Brown, Davis and Bailey",Online Shopping,Mumbai,2025-07-23 20:56:16,1,1,5,1
TXN1381,Jaime Johnson,53,Female,437.43,"Young, Baldwin and Powers",Healthcare,Mumbai,2025-05-20 00:38:16,1,1,0,0
TXN1382,Keith Webb,25,Female,1841.11,Johnson-Warren,Fashion,Pune,2026-02-26 19:02:16,1,0,3,0
TXN1383,Mr. Joseph Harris,30,Male,2600.11,Peters LLC,Fashion,Pune,2025-12-28 22:57:16,1,0,2,0
TXN1384,Robert Williams,49,Female,2704.66,Hunter PLC,Fashion,Chennai,2025-09-19 19:51:16,0,1,2,0
TXN1385,David Larson,61,Female,1628.43,Williams-Jones,Fuel,Bangalore,2025-08-21 06:35:16,1,1,1,0
TXN1386,Megan Ruiz,40,Male,1898.6,Cline Inc,Online Shopping,Gurgaon,2026-01-25 11:06:16,1,1,1,0
TXN1387,Steve Jimenez,40,Male,2331.38,Spence LLC,Fashion,Delhi,2025-08-16 05:57:16,1,0,1,0
TXN1388,Samantha Mitchell,53,Female,4808.71,Pierce LLC,Fuel,Chennai,2025-07-24 12:44:16,1,1,1,1
TXN1389,George Williams,47,Male,2257.35,Carrillo-Ramirez,Food,Pune,2026-04-25 11:25:16,1,1,3,0
TXN1390,John Gomez,25,Male,3979.3,"Holmes, Davidson and Thornton",Electronics,Pune,2025-12-14 15:18:16,0,0,3,0
TXN1391,Jane Sims,68,Male,770.56,Thomas Ltd,Online Shopping,Mumbai,2026-05-02 08:01:16,0,0,3,0
TXN1392,Kelly Kent,18,Male,4211.75,Harris-Molina,Entertainment,Bangalore,2025-12-09 08:35:16,1,0,5,1
TXN1393,Tammy Mcguire,35,Male,3941.63,Bates PLC,Grocery,Pune,2025-07-24 02:48:16,0,1,3,0
TXN1394,James Stone,55,Female,804.93,Robinson-Walsh,Fuel,Chennai,2025-12-17 00:08:16,0,1,1,0
TXN1395,Mathew Miller,62,Female,1807.08,Briggs-Smith,Fashion,Chennai,2025-06-01 02:14:16,0,0,0,0
TXN1396,Jennifer Gonzalez,26,Male,2553.52,Harrison and Sons,Online Shopping,Chennai,2025-06-18 08:18:16,0,0,1,0
TXN1397,Richard Butler,21,Female,4367.95,"Mcneil, Williams and Scott",Travel,Delhi,2025-08-19 01:19:16,1,1,2,1
TXN1398,Nathan Anderson,32,Male,4960.87,Valencia Inc,Fashion,Delhi,2026-01-26 07:59:16,0,1,3,0
TXN1399,Aaron Burch,64,Male,1991.92,"Crawford, Morris and Wagner",Healthcare,Bangalore,2025-11-22 09:56:16,1,1,2,0
TXN1400,Jack Fields,47,Male,4391.09,"Jackson, Bennett and Moore",Online Shopping,Gurgaon,2025-11-30 14:35:16,1,0,2,1
TXN1401,Christopher Sullivan,33,Male,1067.79,Turner-Jones,Healthcare,Mumbai,2026-04-23 19:26:16,1,1,4,1
TXN1402,Margaret Campbell,52,Male,875.89,Leonard-Gonzalez,Grocery,Chennai,2025-12-29 01:23:16,1,1,5,1
TXN1403,Kenneth Holland,37,Male,2869.48,Schmidt Group,Travel,Pune,2025-08-15 02:16:16,1,1,4,1
TXN1404,Lori Phillips,50,Female,4614.56,Webb-Cross,Electronics,Gurgaon,2025-08-11 02:55:16,0,0,5,1
TXN1405,Jason Riley,63,Male,882.44,"Burns, Anderson and Jones",Fuel,Bangalore,2026-04-12 14:48:16,0,0,1,0
TXN1406,Jessica Hanson,25,Female,2396.39,Long-Cantrell,Entertainment,Mumbai,2026-04-12 13:37:16,1,1,4,1
TXN1407,Rebecca Blankenship,29,Female,4829.45,Gutierrez-Aguirre,Fashion,Pune,2026-01-31 15:10:16,0,1,5,1
TXN1408,Matthew Clayton,37,Female,2203.16,Parker-Gonzales,Food,Delhi,2025-06-25 22:09:16,0,1,4,1
TXN1409,Corey Austin,60,Female,3101.74,Mcknight Inc,Travel,Gurgaon,2026-03-08 05:22:16,1,0,2,1
TXN1410,Crystal Smith,22,Female,3906.0,Chavez-Rodriguez,Healthcare,Pune,2025-08-15 02:30:16,0,0,1,0
TXN1411,Lee Phillips Jr.,48,Male,3478.23,Armstrong Group,Fuel,Mumbai,2026-02-13 19:06:16,1,1,4,1
TXN1412,Nicholas Hurst,26,Female,3915.65,Conley Ltd,Online Shopping,Gurgaon,2025-08-17 12:25:16,0,0,3,0
TXN1413,Brian Walsh,50,Male,2552.02,Woods PLC,Online Shopping,Gurgaon,2026-01-24 20:24:16,1,0,4,1
TXN1414,Jesse Foster,56,Male,1111.81,Simmons Inc,Grocery,Pune,2025-09-28 08:05:16,0,0,3,0
TXN1415,Jill Montgomery,55,Male,2136.16,Smith-Santos,Healthcare,Pune,2026-03-05 22:49:16,1,0,5,1
TXN1416,Shawn Smith,52,Male,1845.12,"Smith, Riley and Gonzales",Fuel,Delhi,2026-02-04 06:27:16,1,0,4,1
TXN1417,Lisa Hicks,39,Female,4819.47,White Inc,Travel,Pune,2025-11-06 02:14:16,1,1,4,1
TXN1418,Brianna Le,55,Male,1306.47,Kline-Mann,Online Shopping,Gurgaon,2025-12-20 04:43:16,1,0,4,1
TXN1419,Richard Villarreal,18,Female,1624.27,Edwards-Smith,Fashion,Delhi,2025-09-07 15:20:16,0,0,4,1
TXN1420,Gregory Rodriguez,35,Male,332.44,Lopez-Murray,Entertainment,Bangalore,2025-11-29 00:24:16,0,0,2,0
TXN1421,Sylvia Jefferson,66,Male,2744.32,Gilmore-Lawson,Fuel,Delhi,2025-10-28 06:49:16,1,1,4,1
TXN1422,Megan Mitchell,43,Male,644.73,Vega and Sons,Travel,Chennai,2026-04-03 07:53:16,1,1,3,0
TXN1423,Tina Erickson,35,Female,2385.33,"Valencia, Simpson and Davila",Fuel,Gurgaon,2025-09-16 08:12:16,1,0,5,1
TXN1424,Daniel Sanchez PhD,59,Male,3927.23,Lam-Buck,Healthcare,Delhi,2026-01-14 19:24:16,0,1,0,0
TXN1425,Michael Hansen,58,Male,3443.79,Jordan-Wilson,Food,Delhi,2026-03-08 12:12:16,0,1,0,0
TXN1426,Colin Johnson,27,Female,4652.29,"Ellis, Moran and Brown",Online Shopping,Gurgaon,2025-09-17 07:13:16,1,0,2,1
TXN1427,Sarah Herrera,51,Male,1937.88,Weber Ltd,Fuel,Bangalore,2025-10-05 19:52:16,0,1,0,0
TXN1428,April Morris,40,Male,2596.86,"Smith, Velasquez and Kim",Electronics,Delhi,2026-02-27 16:40:16,1,0,4,1
TXN1429,Jacqueline Hayes,25,Male,217.95,Hahn Ltd,Food,Delhi,2026-02-09 17:40:16,0,0,4,1
TXN1430,Brittany Johnson,68,Female,365.57,"Owens, Doyle and Bird",Grocery,Mumbai,2025-12-06 11:36:16,0,1,3,0
TXN1431,Brenda Bell,38,Female,1944.1,"Gomez, Richardson and Scott",Food,Pune,2025-09-21 16:49:16,0,0,2,0
TXN1432,Bryan Stewart,24,Male,3921.37,Hanson Inc,Online Shopping,Bangalore,2026-03-17 16:43:16,0,1,4,1
TXN1433,Jennifer Holland,22,Female,3304.91,Savage LLC,Food,Bangalore,2025-05-20 20:31:16,0,0,5,1
TXN1434,Derek Mcdonald,64,Female,420.04,Johnson PLC,Fashion,Bangalore,2025-09-29 11:10:16,0,0,0,0
TXN1435,Lisa Stephenson,26,Female,1915.88,Mcdowell Group,Online Shopping,Gurgaon,2026-03-20 00:37:16,0,1,5,1
TXN1436,John Juarez,58,Female,3223.08,Nelson PLC,Online Shopping,Bangalore,2026-01-08 10:31:16,1,1,4,1
TXN1437,Michael Huerta,53,Male,1471.18,"Norris, English and Davis",Fashion,Gurgaon,2025-08-22 06:28:16,0,1,4,1
TXN1438,Heather Little,49,Male,3742.89,Thomas-Adams,Food,Bangalore,2025-07-24 02:30:16,0,1,1,0
TXN1439,Taylor Carlson,32,Male,562.93,"White, Rodriguez and Allen",Online Shopping,Gurgaon,2025-11-05 19:16:16,1,0,2,0
TXN1440,Roy Bird,31,Female,2202.63,Moore Group,Food,Bangalore,2026-01-13 05:49:16,0,1,5,1
TXN1441,Christopher Willis,37,Male,616.29,"Mayer, Graves and Hamilton",Fuel,Bangalore,2025-07-23 08:55:16,0,0,0,0
TXN1442,Maria Patterson,38,Male,1436.67,Li Group,Fashion,Gurgaon,2026-04-05 05:02:16,0,0,0,0
TXN1443,Ronald Porter,29,Male,4595.44,Lara-Williams,Online Shopping,Mumbai,2026-04-19 07:28:16,1,0,5,1
TXN1444,Ian Owens,38,Female,4892.2,Williams-Lewis,Fashion,Delhi,2025-07-09 19:55:16,0,0,3,0
TXN1445,Kayla Turner,49,Male,895.37,Davenport-Davis,Fuel,Mumbai,2026-02-10 05:58:16,0,1,0,0
TXN1446,Andrew Cunningham,39,Male,2702.39,"Rivera, Robertson and Barry",Online Shopping,Bangalore,2025-08-11 10:39:16,1,1,4,1
TXN1447,Antonio Burton,38,Female,3632.64,Harris-Li,Online Shopping,Chennai,2025-07-28 10:10:16,1,1,2,1
TXN1448,Elizabeth Harrison,40,Female,4205.11,Taylor Group,Healthcare,Pune,2025-08-02 17:04:16,1,1,4,1
TXN1449,Sandy Brown,50,Male,2546.72,Anthony-Sims,Fuel,Bangalore,2025-10-28 06:22:16,0,1,4,1
TXN1450,Jennifer Miller,47,Female,4367.88,Leon Group,Entertainment,Delhi,2025-07-30 22:54:16,0,0,1,0
TXN1451,Barbara Chapman,33,Male,4060.64,Copeland-Gomez,Fashion,Pune,2025-05-08 23:38:16,1,1,0,1
TXN1452,Heather Zuniga,21,Male,504.9,Hess Inc,Food,Bangalore,2025-09-25 18:07:16,0,1,2,0
TXN1453,Jordan Howard,42,Male,2779.87,Gibson-Olsen,Fuel,Pune,2025-07-09 21:14:16,1,1,2,0
TXN1454,Jessica Hawkins,19,Female,1783.37,Berger Inc,Fuel,Gurgaon,2026-04-24 18:49:16,0,1,3,0
TXN1455,Katherine Gillespie,39,Male,4241.76,"Newman, Anderson and Fry",Travel,Chennai,2025-06-27 06:29:16,1,0,0,1
TXN1456,Devin Harper,31,Male,1020.38,Ruiz-Smith,Online Shopping,Delhi,2026-04-17 17:25:16,0,0,2,0
TXN1457,Kim Taylor,48,Male,1534.97,"Stein, Ellis and Anthony",Entertainment,Mumbai,2025-06-29 09:04:16,0,0,1,0
TXN1458,Jennifer Weiss,21,Male,1933.03,Moody LLC,Grocery,Mumbai,2025-12-26 08:31:16,1,1,5,1
TXN1459,Alexis Bennett,52,Male,697.74,Jenkins PLC,Fuel,Chennai,2025-09-19 06:47:16,1,0,4,1
TXN1460,Thomas Kelly,27,Male,3101.75,"Cohen, Lopez and Blake",Online Shopping,Pune,2025-08-20 15:21:16,1,0,0,1
TXN1461,Michael Blackwell,24,Male,2410.05,Watts-Horn,Online Shopping,Chennai,2026-04-24 01:17:16,1,1,4,1
TXN1462,Andrew Stewart,33,Male,1134.94,Lindsey and Sons,Online Shopping,Chennai,2025-08-26 04:07:16,1,0,5,1
TXN1463,Thomas Johnson,35,Male,3014.71,"Ramsey, Chavez and Cook",Electronics,Pune,2025-10-31 08:52:16,0,0,5,1
TXN1464,Jonathan Allen,36,Male,302.17,Hill and Sons,Online Shopping,Bangalore,2026-01-18 16:11:16,1,1,1,0
TXN1465,Michael Sanders,55,Female,1057.11,"Ross, Atkinson and Watkins",Electronics,Bangalore,2025-05-16 08:53:16,1,1,4,1
TXN1466,April Reyes,53,Male,620.66,Perez-Horne,Food,Bangalore,2026-01-14 05:08:16,0,0,1,0
TXN1467,Margaret Chapman,69,Male,322.09,"Diaz, Zavala and Mathews",Entertainment,Gurgaon,2025-08-29 13:30:16,1,1,0,0
TXN1468,Kimberly Horn,62,Male,875.67,"Mcdaniel, Vasquez and Brown",Grocery,Chennai,2025-10-22 00:21:16,0,0,2,0
TXN1469,Brandon Wilson,32,Female,2055.43,Carrillo-Juarez,Entertainment,Chennai,2026-02-18 17:02:16,1,0,0,0
TXN1470,Sergio Bryant,43,Male,2942.97,"Robinson, Strong and Jefferson",Food,Mumbai,2026-03-07 17:51:16,1,1,2,0
TXN1471,Sarah Pruitt,30,Male,3504.26,"Martinez, Joyce and Houston",Electronics,Chennai,2025-05-22 05:56:16,1,0,5,1
TXN1472,Matthew Clark,34,Male,4648.79,Watson Inc,Healthcare,Delhi,2026-03-17 07:22:16,0,0,1,0
TXN1473,Julie Bird,52,Female,2153.99,"Lowe, Bell and Davies",Electronics,Bangalore,2026-02-27 23:21:16,0,0,0,0
TXN1474,Jeanne Taylor,38,Female,2296.35,Ryan-Garcia,Online Shopping,Bangalore,2025-08-20 00:35:16,1,0,1,0
TXN1475,Pamela Thomas,21,Male,258.71,"Walker, Reed and Green",Online Shopping,Chennai,2025-07-16 10:06:16,1,0,0,0
TXN1476,Darrell King,41,Male,3650.25,"Fowler, Johnson and Smith",Entertainment,Mumbai,2025-06-15 18:47:16,0,1,5,1
TXN1477,Cynthia Kemp,61,Female,685.42,"Craig, Murphy and Vasquez",Healthcare,Delhi,2026-04-06 08:17:16,1,1,0,0
TXN1478,Amy Mccormick,53,Female,76.88,"Phillips, Alvarado and Miller",Food,Bangalore,2025-05-08 18:11:16,1,1,5,1
TXN1479,David Lang,45,Male,1385.84,King Inc,Entertainment,Delhi,2025-09-29 13:45:16,1,0,1,0
TXN1480,Robert Swanson,33,Male,1862.32,Romero-Holt,Electronics,Bangalore,2026-01-21 15:35:16,0,1,3,0
TXN1481,Joy Garcia,26,Male,2442.98,"Conrad, Ross and Glass",Entertainment,Bangalore,2025-11-04 17:21:16,1,0,1,0
TXN1482,Richard Wood,60,Male,704.83,Berry-Carrillo,Grocery,Bangalore,2025-10-23 10:08:16,1,1,2,0
TXN1483,Joshua Jenkins,24,Female,441.26,Rodriguez-Weiss,Electronics,Mumbai,2025-11-28 04:30:16,0,0,3,0
TXN1484,Malik Doyle,41,Female,2805.24,Smith Group,Fuel,Pune,2025-10-20 06:59:16,1,0,1,0
TXN1485,Christina Duncan,61,Male,3940.69,"Moody, Howell and Clark",Electronics,Bangalore,2025-12-16 22:43:16,0,1,4,1
TXN1486,Thomas Orr,35,Female,733.38,Schwartz and Sons,Grocery,Bangalore,2026-02-09 23:17:16,1,1,0,0
TXN1487,Jason Davis,36,Male,1550.41,Cameron-Hernandez,Online Shopping,Mumbai,2025-05-31 15:44:16,0,1,4,1
TXN1488,Anthony Douglas,58,Male,119.96,Sanchez Group,Travel,Bangalore,2026-01-10 23:59:16,1,1,0,0
TXN1489,Kristen Calhoun,24,Female,3421.93,Klein Ltd,Travel,Delhi,2025-07-22 11:17:16,0,1,4,1
TXN1490,Bobby Walker,51,Female,2025.85,"Stephens, Miller and Melendez",Entertainment,Bangalore,2026-03-25 19:02:16,1,0,5,1
TXN1491,Kyle Vincent,66,Female,2722.26,Reynolds LLC,Fashion,Mumbai,2025-10-22 02:40:16,1,0,1,0
TXN1492,Jordan Jordan,38,Female,713.39,"Walter, Dyer and Martin",Electronics,Mumbai,2026-04-15 11:44:16,1,0,1,0
TXN1493,Paul Watson,27,Female,2316.85,Hanna-Elliott,Healthcare,Pune,2026-01-02 21:19:16,1,1,3,0
TXN1494,Paula Glover,41,Female,3936.98,Tucker LLC,Healthcare,Gurgaon,2025-07-17 18:06:16,0,1,2,0
TXN1495,Patricia Gutierrez,66,Female,1014.81,Morrison PLC,Food,Gurgaon,2025-08-03 08:15:16,1,0,3,0
TXN1496,Chelsea Garcia,63,Female,3773.0,Stephens PLC,Healthcare,Bangalore,2025-12-15 04:01:16,1,0,4,1
TXN1497,Amanda Mills,32,Female,4399.11,Fowler-Vargas,Entertainment,Bangalore,2026-02-04 14:14:16,1,1,4,1
TXN1498,Ronnie Moses,58,Male,2805.31,Esparza-Barnes,Food,Pune,2025-07-27 11:39:16,0,0,0,0
TXN1499,Anthony Munoz,20,Female,4547.01,Murray Inc,Food,Gurgaon,2026-01-30 17:49:16,1,0,2,1
TXN1500,Katrina Andrews,23,Female,1865.94,Armstrong-Turner,Fuel,Mumbai,2025-08-01 09:58:16,1,0,2,0
TXN1501,Gina Johnson,22,Female,4822.74,Johnson-Matthews,Travel,Chennai,2025-08-12 18:33:16,1,1,3,1
TXN1502,Alexander Salazar,45,Male,3789.83,Miller and Sons,Fuel,Pune,2026-02-11 19:46:16,1,1,0,1
TXN1503,Jared Benjamin,64,Female,987.25,Tate-Cooke,Online Shopping,Delhi,2025-09-11 20:23:16,1,0,1,0
TXN1504,Terry Taylor,37,Male,2793.52,"Cooper, Holmes and Jones",Food,Chennai,2025-08-17 12:38:16,1,0,4,1
TXN1505,Robert Williams,20,Male,4486.96,May Inc,Entertainment,Bangalore,2025-05-09 20:03:16,1,0,0,1
TXN1506,Jessica Sanchez,45,Male,1018.06,"Schwartz, Guerrero and Daniels",Electronics,Bangalore,2026-04-29 23:09:16,0,0,3,0
TXN1507,Amanda Moore,65,Female,769.0,Stewart LLC,Healthcare,Gurgaon,2025-08-20 21:55:16,1,0,5,1
TXN1508,Anna Savage,36,Female,4413.26,Harrell Group,Grocery,Gurgaon,2026-04-25 16:55:16,0,1,0,0
TXN1509,Holly Williams,62,Female,4920.71,"Bryan, Graham and Washington",Electronics,Delhi,2026-04-16 15:07:16,0,1,3,0
TXN1510,Travis Figueroa,45,Female,4410.82,Potter and Sons,Healthcare,Gurgaon,2025-09-26 05:14:16,0,1,4,1
TXN1511,Melissa Ross,42,Female,474.22,"Salazar, Ross and Smith",Fuel,Delhi,2025-10-23 08:07:16,1,1,1,0
TXN1512,James Simpson,22,Female,4867.55,"Clements, Baxter and Singleton",Electronics,Bangalore,2025-08-15 08:03:16,0,0,1,0
TXN1513,Audrey Cunningham,23,Male,3554.11,Smith and Sons,Healthcare,Chennai,2025-05-08 16:32:16,0,0,4,1
TXN1514,Michael Salazar,41,Male,2476.12,"Robinson, Deleon and Barber",Online Shopping,Mumbai,2025-12-27 16:13:16,0,1,5,1
TXN1515,Matthew Wood,43,Female,1229.26,Greene-Franklin,Fuel,Mumbai,2025-12-02 04:15:16,1,0,5,1
TXN1516,Ebony Mathews,50,Male,1206.97,Horne-Kelly,Entertainment,Gurgaon,2025-11-09 02:00:16,0,0,2,0
TXN1517,Margaret Davis,64,Female,964.39,"Martin, Saunders and Mcneil",Entertainment,Gurgaon,2026-02-21 04:53:16,0,0,5,1
TXN1518,Robert Griffith,34,Male,4208.82,Ball PLC,Fashion,Chennai,2025-12-19 13:14:16,0,0,2,0
TXN1519,Joseph Harris,50,Male,640.06,Holland Inc,Healthcare,Bangalore,2025-08-09 02:39:16,0,1,2,0
TXN1520,Brian Moore,57,Male,29.05,Brown-Barton,Fashion,Chennai,2026-03-21 21:35:16,1,1,0,0
TXN1521,Elizabeth Garza,37,Female,1143.63,Mendoza-Wallace,Entertainment,Pune,2025-09-02 05:38:16,0,1,3,0
TXN1522,Denise Bautista,42,Female,1085.49,"Schneider, Brandt and Sheppard",Fuel,Pune,2025-12-15 07:06:16,0,1,0,0
TXN1523,Daniel Moore,63,Male,3798.65,"Baker, Turner and Perez",Travel,Bangalore,2026-03-29 19:06:16,0,0,3,0
TXN1524,Alison Chen,30,Female,4495.25,"Lopez, Riley and Hill",Electronics,Mumbai,2026-01-13 03:35:16,1,0,2,1
TXN1525,David Gonzalez,44,Female,2806.6,Ellis PLC,Entertainment,Pune,2026-02-06 01:45:16,0,1,5,1
TXN1526,Diane Middleton,55,Female,1141.38,Grant-Davis,Travel,Gurgaon,2025-06-14 01:22:16,0,0,5,1
TXN1527,Andrew Larson,31,Female,2400.56,"Pitts, Hawkins and Reyes",Fashion,Mumbai,2025-07-30 20:17:16,0,1,5,1
TXN1528,Eric Savage,43,Female,4831.55,Green and Sons,Grocery,Bangalore,2025-12-08 11:44:16,0,1,2,0
TXN1529,Joseph Silva,63,Male,4554.74,Carr Inc,Food,Gurgaon,2025-08-05 19:13:16,1,1,3,1
TXN1530,Russell Patterson,62,Female,4814.42,"Flores, Mendoza and Walker",Entertainment,Chennai,2026-03-05 18:42:16,1,1,3,1
TXN1531,Gregg Marshall,36,Male,4365.04,"Moore, Bonilla and Wolfe",Electronics,Pune,2026-01-07 21:48:16,0,0,4,1
TXN1532,Erik Duffy,53,Female,491.71,"West, Clark and Jimenez",Grocery,Bangalore,2025-07-25 19:08:16,0,1,3,0
TXN1533,Theresa Harvey,42,Male,4124.43,Berry and Sons,Fuel,Pune,2025-07-03 01:00:16,1,0,2,1
TXN1534,Phillip Lynch,31,Male,3718.53,Mitchell-Brooks,Fashion,Pune,2025-10-24 00:13:16,1,0,1,1
TXN1535,Joshua West,58,Female,1658.74,Carrillo-Duran,Online Shopping,Mumbai,2026-02-10 18:45:16,1,0,4,1
TXN1536,Tracey Howard,66,Male,1433.6,"Brown, Schneider and Armstrong",Fashion,Delhi,2025-08-13 01:30:16,1,1,5,1
TXN1537,Andrea Anderson,67,Female,2871.01,Todd-Gilbert,Electronics,Gurgaon,2025-12-09 22:53:16,0,0,3,0
TXN1538,Sabrina Wood,54,Male,2998.9,Johnson-Wilson,Healthcare,Chennai,2025-10-18 19:37:16,1,0,2,0
TXN1539,Theresa Nash,34,Male,332.79,Moore-Wheeler,Food,Mumbai,2026-03-03 19:56:16,0,1,3,0
TXN1540,Jonathan Young Jr.,29,Female,2327.52,"Hall, Terry and Edwards",Online Shopping,Mumbai,2026-04-22 19:22:16,1,1,1,0
TXN1541,Amanda Castillo,69,Female,2222.47,Villarreal and Sons,Fashion,Pune,2025-09-17 06:50:16,0,0,5,1
TXN1542,Donna Barnett,37,Female,3946.12,Spears-Juarez,Grocery,Bangalore,2025-11-09 23:46:16,0,0,3,0
TXN1543,Matthew Harrington,45,Male,1178.58,Carpenter and Sons,Travel,Chennai,2026-02-20 15:38:16,1,0,5,1
TXN1544,Gabriella Vega,61,Female,4753.15,Carter-Stone,Fuel,Mumbai,2025-11-26 05:00:16,1,1,0,1
TXN1545,Wendy Lee,25,Female,3174.18,Harris-Pearson,Fuel,Delhi,2025-08-18 06:16:16,0,1,1,0
TXN1546,Jason Lutz,34,Female,208.43,Lewis LLC,Healthcare,Gurgaon,2025-08-18 20:22:16,1,1,3,0
TXN1547,Christopher Sheppard,59,Male,4857.95,Murphy-Patterson,Electronics,Chennai,2026-02-03 14:52:16,1,1,2,1
TXN1548,Diana Graham,57,Male,2354.02,Johnson Inc,Online Shopping,Gurgaon,2025-09-12 07:45:16,0,1,0,0
TXN1549,Mark Murphy,30,Male,2689.67,Michael PLC,Fuel,Bangalore,2026-03-19 13:52:16,1,1,5,1
TXN1550,Megan Frank,25,Female,193.24,Davis-Castaneda,Online Shopping,Pune,2025-05-19 21:20:16,0,1,4,1
TXN1551,Paul Allen,66,Female,1100.36,Logan Group,Grocery,Delhi,2026-01-21 16:47:16,0,1,5,1
TXN1552,April Thomas,58,Male,1991.11,"Garcia, Mendoza and Chen",Electronics,Mumbai,2026-03-31 11:00:16,1,1,0,0
TXN1553,Brittany Shelton,41,Male,2662.68,"Wright, Rogers and Hogan",Entertainment,Mumbai,2026-03-09 20:46:16,0,1,0,0
TXN1554,Ronald Randolph,56,Male,2472.8,Brown-Ramsey,Fashion,Delhi,2025-08-13 14:22:16,1,1,2,0
TXN1555,David Lewis,30,Male,4647.84,Carter-Frazier,Healthcare,Chennai,2026-03-24 03:01:16,0,0,3,0
TXN1556,Steven Flynn,36,Female,2061.0,"Ibarra, Andrews and Mcdonald",Fashion,Chennai,2026-01-18 15:53:16,0,1,0,0
TXN1557,Sara Marshall,62,Male,3594.96,Figueroa-Rios,Electronics,Delhi,2025-08-30 23:33:16,0,1,0,0
TXN1558,Amanda Young,44,Male,20.5,Brooks Ltd,Travel,Pune,2025-11-30 14:54:16,0,1,0,0
TXN1559,Terry Baker,64,Male,4359.27,Coleman-Austin,Grocery,Chennai,2025-12-13 02:37:16,1,0,5,1
TXN1560,Kevin Wheeler,50,Female,2286.62,"Ochoa, Lewis and Stevens",Travel,Gurgaon,2026-02-14 23:22:16,0,0,3,0
TXN1561,Carolyn Gonzalez,57,Female,3758.38,Cruz Group,Electronics,Chennai,2025-09-24 15:43:16,0,0,2,0
TXN1562,Timothy Wells,32,Female,3751.76,Sutton Group,Healthcare,Bangalore,2025-08-22 19:31:16,0,1,1,0
TXN1563,Patrick Hutchinson,68,Male,2972.37,Simmons-Wong,Travel,Delhi,2025-08-14 14:23:16,0,0,2,0
TXN1564,Richard Fox,26,Female,3066.74,Cooley-Pacheco,Healthcare,Chennai,2026-04-10 01:21:16,0,0,5,1
TXN1565,Daniel Mcguire,44,Female,3707.5,"Bryant, Bauer and Valenzuela",Fuel,Mumbai,2026-02-03 22:38:16,0,0,5,1
TXN1566,Sabrina Thomas,57,Male,4101.86,Farley and Sons,Electronics,Pune,2025-08-13 00:58:16,1,1,0,1
TXN1567,Curtis Swanson,62,Female,2002.85,Jacobson Group,Healthcare,Mumbai,2025-05-15 06:52:16,0,1,0,0
TXN1568,Christopher Kelley,40,Male,4085.45,Wolfe Group,Food,Pune,2025-07-17 06:47:16,1,0,2,1
TXN1569,Shannon Ramirez,35,Female,2025.45,"Martinez, Fisher and Dean",Food,Pune,2026-02-23 07:03:16,0,1,1,0
TXN1570,Mr. Andrew Deleon,47,Female,2237.63,"Smith, Hudson and Stein",Grocery,Mumbai,2025-05-19 01:38:16,1,1,3,0
TXN1571,Mark Gonzalez,61,Male,4584.01,Blake-Kane,Food,Gurgaon,2026-03-05 05:01:16,0,0,2,0
TXN1572,Larry Norman,65,Female,71.43,Maddox-Young,Healthcare,Mumbai,2025-06-28 06:05:16,1,1,3,0
TXN1573,Kimberly Richard,50,Female,2633.8,Goodman Inc,Online Shopping,Chennai,2025-07-21 04:13:16,0,1,4,1
TXN1574,Daniel Vincent,24,Male,721.54,"Harris, Chapman and Schmidt",Grocery,Pune,2026-03-13 03:40:16,0,0,3,0
TXN1575,Janice Smith,36,Female,136.98,"Johnson, Nguyen and Norris",Food,Delhi,2026-01-01 16:52:16,0,1,0,0
TXN1576,Christine Zhang,55,Female,4237.23,Lyons-Goodwin,Online Shopping,Gurgaon,2025-11-12 07:45:16,1,1,3,1
TXN1577,Keith Johnson,55,Male,2275.47,"Robles, Hancock and Patterson",Online Shopping,Pune,2026-01-14 14:51:16,0,1,4,1
TXN1578,Gerald Ford,47,Male,147.41,Henderson Group,Fashion,Delhi,2026-03-01 16:56:16,0,0,3,0
TXN1579,Whitney Good,43,Female,204.59,Rangel-Jones,Entertainment,Pune,2025-05-09 17:50:16,0,1,1,0
TXN1580,Phillip Young,23,Female,3783.51,"Arroyo, Cox and Yang",Food,Delhi,2025-09-04 18:04:16,0,0,1,0
TXN1581,Kenneth Smith,54,Female,4780.03,Smith Group,Electronics,Gurgaon,2025-05-16 01:18:16,0,1,5,1
TXN1582,Sean Miles,21,Male,4974.34,Hudson-Thomas,Electronics,Delhi,2025-10-18 11:12:16,0,0,4,1
TXN1583,Casey Griffin,64,Male,766.41,Ellis-Brown,Fuel,Bangalore,2026-01-18 12:19:16,1,0,3,0
TXN1584,Lauren Clark,22,Female,779.18,"Flores, Allen and Alexander",Travel,Chennai,2025-07-06 15:07:16,1,0,4,1
TXN1585,Andrew Morgan,39,Male,1242.07,Lee-French,Healthcare,Gurgaon,2025-05-29 09:38:16,1,0,1,0
TXN1586,Bryan Thomas,51,Female,1304.08,Hunter PLC,Electronics,Gurgaon,2026-03-17 11:20:16,1,1,5,1
TXN1587,Brandon Jordan,61,Male,1182.84,"Hansen, Thompson and Shelton",Fuel,Pune,2025-12-19 21:37:16,0,1,2,0
TXN1588,Thomas Baker,18,Male,2906.53,Johnson Group,Fashion,Delhi,2025-08-01 01:28:16,0,0,1,0
TXN1589,Mark Adams,28,Male,1044.47,"Davis, Diaz and Galvan",Grocery,Delhi,2025-08-08 00:41:16,0,0,1,0
TXN1590,Laura Chavez,57,Female,1635.86,"Williams, Lynch and Jackson",Healthcare,Gurgaon,2025-12-06 09:04:16,0,0,4,1
TXN1591,Catherine Hunter,25,Male,206.9,Buck and Sons,Online Shopping,Chennai,2025-12-13 23:05:16,1,0,5,1
TXN1592,Paula Smith,36,Female,670.54,Turner Group,Food,Gurgaon,2026-02-05 07:07:16,1,1,2,0
TXN1593,Nicole Jones,62,Male,2297.75,Conley Inc,Healthcare,Delhi,2025-09-03 06:47:16,0,0,2,0
TXN1594,Ricardo Hart,56,Male,632.86,Rowe Group,Online Shopping,Delhi,2025-11-04 08:00:16,1,0,5,1
TXN1595,April Gonzalez,29,Female,4848.34,"Cole, Smith and Smith",Fashion,Bangalore,2025-12-11 11:57:16,1,0,3,1
TXN1596,Melissa Perez,69,Female,4319.1,"Miller, Anderson and Barry",Grocery,Bangalore,2025-11-06 00:03:16,0,1,2,0
TXN1597,Andrea Thomas,50,Female,2817.93,Nelson PLC,Food,Gurgaon,2025-10-16 08:51:16,1,1,0,0
TXN1598,Miss Katherine Peck DVM,68,Male,4473.32,"Lambert, Miller and Stokes",Online Shopping,Mumbai,2025-09-30 10:13:16,0,0,2,1
TXN1599,Adam Torres,64,Female,3824.99,"Sanchez, Jefferson and Anderson",Grocery,Mumbai,2025-08-20 20:56:16,1,0,2,1
TXN1600,Susan Crawford,65,Female,4980.65,Bowen-Perkins,Grocery,Chennai,2025-06-13 07:56:16,1,1,0,1
TXN1601,Leslie Dorsey,34,Male,4236.37,Kaufman-May,Food,Pune,2025-05-20 20:22:16,0,1,5,1
TXN1602,Stanley Williams,20,Female,2247.11,Williams-Perez,Grocery,Mumbai,2026-04-24 12:55:16,1,0,4,1
TXN1603,Rebecca Solis,48,Male,3672.81,Contreras-Watson,Food,Pune,2026-01-13 06:12:16,1,1,5,1
TXN1604,Traci Shaffer,60,Female,4361.52,Hopkins Inc,Electronics,Pune,2025-07-13 07:25:16,0,0,3,0
TXN1605,Theresa Mcconnell,19,Female,1673.7,"Mendez, Coleman and Baird",Electronics,Pune,2026-04-02 04:11:16,0,1,0,0
TXN1606,Tara Lewis,47,Male,54.23,Pearson-Lucas,Food,Bangalore,2026-04-18 10:33:16,1,1,1,0
TXN1607,Brett Gray,66,Female,458.16,Webster-Garcia,Healthcare,Bangalore,2026-04-07 21:38:16,1,1,0,0
TXN1608,David Rocha,53,Male,4172.38,"Bush, Spence and Maynard",Electronics,Mumbai,2026-05-06 13:04:16,0,0,4,1
TXN1609,Kim Vance,57,Male,4686.08,Briggs-Richardson,Electronics,Mumbai,2025-10-31 19:40:16,1,1,3,1
TXN1610,Jeffrey Miranda,52,Female,3071.88,"Hutchinson, Sullivan and Macias",Entertainment,Delhi,2026-01-23 05:32:16,1,0,1,1
TXN1611,Amanda Jones,63,Female,1408.87,Bowman PLC,Fashion,Gurgaon,2025-08-20 22:30:16,1,0,2,0
TXN1612,Chase Walters,25,Male,563.88,"Hooper, Willis and Williams",Travel,Chennai,2025-10-31 14:56:16,1,0,1,0
TXN1613,Elizabeth Wallace,62,Male,4776.02,Newman Inc,Healthcare,Mumbai,2026-01-04 22:25:16,0,0,1,0
TXN1614,Audrey Luna,57,Female,573.53,"Nguyen, Townsend and Weber",Entertainment,Pune,2025-11-26 17:41:16,0,1,5,1
TXN1615,Joseph Harris,19,Female,373.78,Daugherty-Miller,Travel,Delhi,2026-04-24 03:54:16,1,1,3,0
TXN1616,Kathleen Swanson,51,Male,1412.21,King Inc,Electronics,Gurgaon,2025-10-04 13:45:16,0,0,5,1
TXN1617,Sandra Mathews,44,Male,119.91,Smith Ltd,Grocery,Delhi,2025-09-18 07:02:16,0,0,0,0
TXN1618,Susan Strickland,34,Male,3205.98,Reese Group,Entertainment,Bangalore,2025-08-11 07:22:16,0,1,4,1
TXN1619,Mark Hamilton,36,Male,3242.61,"Williams, Rose and Wood",Grocery,Delhi,2025-10-05 10:46:16,0,1,5,1
TXN1620,Michael Horn,27,Male,2933.47,Lopez Ltd,Electronics,Bangalore,2026-03-14 08:21:16,0,0,1,0
TXN1621,Jennifer Thomas,31,Female,2321.23,"Morgan, Francis and Wilson",Grocery,Mumbai,2026-03-15 04:26:16,1,1,5,1
TXN1622,Jeffrey Barajas,47,Female,2605.65,"Wu, Alexander and Orozco",Grocery,Gurgaon,2025-10-14 05:33:16,1,0,1,0
TXN1623,Cynthia Patterson,29,Female,2488.51,Hernandez Ltd,Food,Mumbai,2025-07-21 09:45:16,1,1,1,0
TXN1624,Carl Kim,28,Female,1365.02,"Roberts, Christensen and Parker",Travel,Delhi,2026-03-19 12:44:16,0,1,0,0
TXN1625,Nicholas Romero,46,Female,243.79,Brown Ltd,Entertainment,Pune,2026-01-31 06:03:16,1,0,0,0
TXN1626,Nicole Ruiz,40,Male,2920.5,Wagner Inc,Fashion,Gurgaon,2025-08-16 19:35:16,0,1,4,1
TXN1627,Elizabeth Davis,61,Male,3707.11,"Hernandez, Reid and Young",Online Shopping,Mumbai,2025-12-01 16:44:16,0,1,0,0
TXN1628,Carolyn Harrington,60,Female,1359.26,Gray-Nelson,Fuel,Pune,2025-11-26 16:37:16,1,1,3,0
TXN1629,Alejandro Baldwin,35,Female,4460.44,"Wise, Baker and Riley",Entertainment,Bangalore,2025-12-17 08:52:16,0,0,5,1
TXN1630,Michael Contreras,65,Female,4682.24,Bishop-Hebert,Food,Delhi,2025-11-09 23:24:16,1,0,1,1
TXN1631,Johnny Davis,40,Female,2474.13,"Chaney, Carter and Rivera",Online Shopping,Bangalore,2025-06-25 03:46:16,0,0,1,0
TXN1632,Daniel Mosley,64,Male,843.1,"Johnson, Gallegos and Mitchell",Food,Chennai,2025-09-14 15:04:16,0,1,0,0
TXN1633,Tammy Ramirez,41,Male,3807.58,"Willis, Hammond and Grant",Food,Pune,2025-08-07 23:54:16,1,1,0,1
TXN1634,Linda Smith,47,Male,1352.15,Pearson Inc,Travel,Mumbai,2025-06-01 09:22:16,1,1,3,0
TXN1635,Justin Johns,54,Male,250.45,Lee PLC,Healthcare,Pune,2026-01-26 05:53:16,0,0,3,0
TXN1636,Jessica Carr,58,Female,2385.08,Burgess Group,Online Shopping,Bangalore,2025-12-12 14:06:16,0,1,3,0
TXN1637,Mark Hanson,58,Male,271.25,Kelly-Rodriguez,Electronics,Delhi,2026-04-24 10:04:16,0,0,4,1
TXN1638,Tracy Hickman,53,Male,4253.24,"Hudson, Thomas and Waller",Online Shopping,Gurgaon,2026-04-21 19:32:16,0,1,5,1
TXN1639,Kristine Alvarez,28,Male,3655.18,"Johnson, Duran and Wheeler",Travel,Bangalore,2026-01-27 15:18:16,0,1,4,1
TXN1640,Pamela Armstrong,62,Male,1483.55,Gardner-Nelson,Grocery,Mumbai,2025-10-03 20:34:16,0,0,3,0
TXN1641,Joel Smith,35,Female,3688.11,Munoz-Smith,Electronics,Bangalore,2025-06-15 15:57:16,1,0,4,1
TXN1642,Holly Carlson,45,Female,3568.9,Hobbs-Ewing,Fashion,Bangalore,2026-03-04 00:20:16,0,0,3,0
TXN1643,Michael Bryant,60,Female,1845.25,Bell and Sons,Fuel,Chennai,2025-06-28 10:47:16,1,0,5,1
TXN1644,Lawrence Baker DDS,27,Female,2723.59,"Mullins, Griffin and Arnold",Food,Chennai,2025-07-08 07:31:16,0,1,5,1
TXN1645,Frank Collins,30,Female,1901.68,Allen Inc,Fashion,Mumbai,2025-08-01 02:19:16,0,0,0,0
TXN1646,Heidi Grant,53,Female,4744.74,"Gray, Gutierrez and Potts",Grocery,Mumbai,2025-11-26 00:54:16,1,0,5,1
TXN1647,Christina Jackson,34,Male,4531.27,"Cardenas, Craig and Mitchell",Fuel,Mumbai,2026-04-13 17:16:16,1,0,3,1
TXN1648,Jason Acevedo,43,Male,3390.94,"Johnson, Mcknight and Watkins",Healthcare,Bangalore,2025-06-01 05:13:16,0,0,0,0
TXN1649,Karen Chaney,57,Female,666.28,"Romero, Long and Richard",Fuel,Delhi,2025-07-28 05:48:16,1,0,1,0
TXN1650,Mary Mccarthy,64,Male,4037.71,Baldwin-Hernandez,Electronics,Bangalore,2025-11-26 23:35:16,1,0,4,1
TXN1651,Denise Fernandez,42,Male,3867.98,Mckenzie-Fletcher,Grocery,Gurgaon,2026-04-30 07:44:16,1,1,5,1
TXN1652,Mark Williams,29,Male,16.75,"Carney, Sullivan and Bullock",Entertainment,Gurgaon,2026-03-25 07:05:16,1,1,4,1
TXN1653,Richard Harper,24,Female,4397.48,Alvarez-Williams,Electronics,Gurgaon,2025-07-04 19:09:16,0,0,2,0
TXN1654,Ryan Taylor,25,Female,3918.16,Rodriguez Group,Electronics,Delhi,2025-10-02 04:33:16,1,0,4,1
TXN1655,Austin Morales,39,Female,770.12,White PLC,Fashion,Delhi,2026-01-24 01:12:16,0,1,0,0
TXN1656,Cheryl Oliver,46,Male,1240.55,"Mcdonald, Jones and Gutierrez",Entertainment,Mumbai,2025-10-14 12:41:16,0,0,3,0
TXN1657,Sandra Gonzalez,43,Female,2915.22,"Dunn, Morgan and Hughes",Fuel,Chennai,2026-01-23 18:46:16,0,1,4,1
TXN1658,Brandon Tyler,49,Male,3258.28,Reynolds and Sons,Entertainment,Mumbai,2025-06-10 13:09:16,0,0,3,0
TXN1659,Katherine Smith,39,Female,1834.75,Lester-Russell,Food,Mumbai,2026-03-09 16:34:16,1,1,1,0
TXN1660,April Macdonald,43,Female,4237.5,Ryan Ltd,Fashion,Mumbai,2025-07-10 09:30:16,0,0,4,1
TXN1661,Megan Ware,25,Female,3183.41,"Thomas, Snyder and Hall",Online Shopping,Gurgaon,2025-05-21 16:58:16,0,0,0,0
TXN1662,Jeffery Oneal,66,Female,4737.5,Padilla-Knox,Grocery,Gurgaon,2026-01-25 03:47:16,0,1,3,0
TXN1663,Stephanie Peterson,64,Female,312.54,"Taylor, Baldwin and Kane",Food,Delhi,2025-11-14 10:15:16,0,0,0,0
TXN1664,Sheila Webster,67,Male,49.13,Barker and Sons,Fashion,Delhi,2025-07-03 19:30:16,1,0,5,1
TXN1665,Angela Michael,50,Female,4790.09,"Wilson, Delgado and Calhoun",Entertainment,Gurgaon,2025-09-23 13:09:16,1,1,4,1
TXN1666,Jesse Elliott,38,Male,4811.93,"Smith, Carroll and Anderson",Online Shopping,Gurgaon,2025-07-17 06:23:16,0,1,5,1
TXN1667,Jessica Lowe,27,Female,909.74,Chavez-Callahan,Healthcare,Mumbai,2025-09-27 01:11:16,1,0,5,1
TXN1668,Kimberly Swanson,46,Female,2411.85,Garcia Ltd,Fuel,Gurgaon,2025-09-14 16:08:16,1,0,0,0
TXN1669,Rebecca Greene,65,Female,4974.96,Doyle-Nelson,Grocery,Mumbai,2026-03-18 17:10:16,0,0,3,0
TXN1670,Kevin Campbell,61,Female,4803.53,Castaneda LLC,Online Shopping,Gurgaon,2025-08-09 00:06:16,0,0,3,1
TXN1671,Mikayla Brown,65,Female,2039.3,"Stone, Nguyen and Richardson",Online Shopping,Gurgaon,2025-11-01 16:30:16,1,0,4,1
TXN1672,Betty Smith,42,Female,4597.74,Richmond and Sons,Fashion,Delhi,2025-06-30 21:47:16,1,0,1,1
TXN1673,Jeffrey Savage,43,Male,80.81,"Newman, Williams and Jones",Electronics,Gurgaon,2026-01-19 09:12:16,0,0,2,0
TXN1674,Casey Turner,51,Male,3494.57,Norris-Hammond,Food,Mumbai,2025-07-12 07:25:16,0,1,1,0
TXN1675,Richard Reed,51,Male,3788.98,"Sanchez, Allen and Ford",Entertainment,Mumbai,2025-12-17 18:33:16,0,1,5,1
TXN1676,Adam Fuller,49,Female,1556.9,Odonnell-Torres,Electronics,Delhi,2026-02-03 02:58:16,1,1,0,0
TXN1677,Alison Glover,37,Female,2829.78,White Group,Fashion,Pune,2025-05-30 05:57:16,1,0,0,0
TXN1678,Misty Beltran,54,Female,55.1,Olson PLC,Electronics,Gurgaon,2026-01-26 17:58:16,0,0,4,1
TXN1679,Maurice Ortega,41,Male,4042.32,"Jenkins, Smith and Phillips",Electronics,Pune,2025-05-13 01:46:16,0,1,2,0
TXN1680,Edward Frederick,39,Female,2149.22,Jennings-Wagner,Entertainment,Bangalore,2025-05-24 00:57:16,1,1,4,1
TXN1681,Kenneth Perez,62,Female,601.33,Holloway-Lewis,Grocery,Mumbai,2025-08-15 05:45:16,1,1,2,0
TXN1682,Andrea Pierce,51,Male,4966.34,Perry Inc,Entertainment,Delhi,2025-11-28 20:52:16,1,1,2,1
TXN1683,Aaron Edwards,37,Male,462.7,Lucas-Nguyen,Grocery,Chennai,2026-02-03 01:06:16,1,1,0,0
TXN1684,Brian Hall,56,Female,2889.84,"Thomas, Johnson and Henderson",Grocery,Bangalore,2025-10-13 11:23:16,1,1,4,1
TXN1685,Rachael Smith,69,Female,1937.75,Tanner-Osborne,Fuel,Chennai,2025-11-07 10:37:16,0,0,0,0
TXN1686,Stephanie Lewis,67,Male,4512.16,"Edwards, Leonard and Johnson",Fashion,Chennai,2025-12-04 15:21:16,1,1,3,1
TXN1687,John Porter,40,Female,2534.73,"Ramos, Williams and Sullivan",Entertainment,Pune,2025-10-16 19:00:16,0,0,4,1
TXN1688,Dana Horne,18,Female,884.36,Wilson-Mora,Food,Gurgaon,2025-05-18 03:56:16,1,1,0,0
TXN1689,Catherine Guerrero,46,Male,2162.59,"Wells, Holder and Smith",Online Shopping,Mumbai,2025-08-24 16:45:16,0,1,2,0
TXN1690,Tammy Morales,38,Female,2588.32,"Collins, Koch and Summers",Travel,Pune,2025-07-29 09:22:16,0,0,4,1
TXN1691,Katherine Wilson,24,Male,4471.53,"Reed, Smith and Harris",Food,Delhi,2025-06-14 20:36:16,0,0,4,1
TXN1692,Tammy Schmidt,31,Female,3904.02,"Brown, Mendoza and Lopez",Grocery,Bangalore,2025-05-10 08:26:16,0,1,1,0
TXN1693,Andrew Kelly,69,Female,1030.26,Bush-Ellis,Fuel,Pune,2026-03-27 12:22:16,1,0,5,1
TXN1694,Victoria James,45,Male,3183.85,Pearson Inc,Food,Bangalore,2025-06-17 13:06:16,1,1,4,1
TXN1695,Patrick Gentry,18,Male,2052.97,"Graham, Davenport and Jones",Fuel,Pune,2025-07-31 20:05:16,1,1,1,0
TXN1696,Sylvia Powers,46,Male,3857.9,Robinson Ltd,Fashion,Chennai,2026-05-04 01:07:16,0,1,0,0
TXN1697,Jacqueline Nelson,66,Male,2700.08,"Carter, Robinson and Elliott",Entertainment,Delhi,2025-09-01 08:18:16,0,0,4,1
TXN1698,Jennifer Davidson,22,Male,1965.2,"Guerra, Williams and Martin",Food,Chennai,2025-11-07 18:44:16,0,1,4,1
TXN1699,Walter Jackson,23,Female,282.63,Allen-Schroeder,Online Shopping,Delhi,2025-12-20 20:34:16,0,1,5,1
TXN1700,Thomas Moore,38,Male,1526.67,"Washington, Ramirez and Frye",Travel,Pune,2026-05-04 09:19:16,0,0,3,0
TXN1701,Jessica Hernandez,45,Female,1557.32,Mcclure Group,Fashion,Chennai,2025-09-10 19:36:16,1,1,4,1
TXN1702,Christina Hancock,40,Female,3052.06,Parker-Reeves,Healthcare,Gurgaon,2026-04-07 23:16:16,1,0,2,1
TXN1703,Nicole Ward,68,Female,916.25,Henderson-Torres,Fashion,Chennai,2026-03-21 06:05:16,1,0,5,1
TXN1704,Martin Franklin,38,Male,2716.93,Jackson-Henry,Online Shopping,Chennai,2025-09-08 11:42:16,1,1,1,0
TXN1705,Troy Gross,27,Female,113.15,Jackson Ltd,Electronics,Gurgaon,2025-11-26 19:24:16,0,1,2,0
TXN1706,Michael Robertson,49,Female,221.69,Chandler-Curtis,Healthcare,Bangalore,2025-08-07 23:53:16,1,1,3,0
TXN1707,Sierra Berg,64,Male,3574.98,Holmes-Francis,Travel,Pune,2025-05-15 21:52:16,0,0,0,0
TXN1708,Joshua Williams,42,Female,868.73,"Jenkins, Hill and Williams",Healthcare,Chennai,2026-02-15 19:17:16,0,0,1,0
TXN1709,Samuel Thornton,57,Female,909.18,"Mccullough, Webb and Robinson",Fashion,Bangalore,2025-10-22 02:54:16,1,1,1,0
TXN1710,Patricia Wong,56,Female,4253.85,Owens-Cole,Grocery,Pune,2025-06-28 11:07:16,0,1,2,0
TXN1711,Monica Houston,58,Male,984.25,Molina PLC,Online Shopping,Chennai,2025-12-17 22:35:16,1,1,3,0
TXN1712,Christopher Parks,69,Female,795.06,Butler Inc,Travel,Chennai,2025-06-04 11:29:16,0,1,4,1
TXN1713,Michael Young,18,Male,1566.8,"Gonzalez, Werner and Reid",Fuel,Mumbai,2025-08-10 00:09:16,1,0,3,0
TXN1714,James Bell,35,Female,90.15,Potter Ltd,Electronics,Mumbai,2026-03-25 08:06:16,1,0,5,1
TXN1715,Kimberly Brown,50,Female,4851.58,Daniel-Rogers,Entertainment,Bangalore,2025-10-30 05:37:16,1,1,2,1
TXN1716,Jeffrey Harris,46,Female,4087.47,Lewis-Moore,Fuel,Delhi,2025-11-20 08:48:16,1,0,0,1
TXN1717,Benjamin Perez,22,Male,3595.09,Bartlett LLC,Fuel,Mumbai,2026-04-24 12:06:16,0,1,2,0
TXN1718,Drew Sanchez,29,Female,1141.37,"West, Mcbride and York",Entertainment,Delhi,2026-03-25 18:16:16,0,0,3,0
TXN1719,William Todd,48,Male,1555.84,Caldwell-King,Healthcare,Gurgaon,2025-12-08 01:45:16,1,0,5,1
TXN1720,Justin Rose,68,Female,2512.56,Garcia Ltd,Travel,Delhi,2025-06-13 21:27:16,1,1,2,0
TXN1721,Patrick Clark,67,Male,4165.82,Maldonado-Lawson,Healthcare,Chennai,2026-02-13 09:23:16,0,0,3,0
TXN1722,Walter Reed,33,Female,822.45,Evans-Barrera,Fashion,Mumbai,2026-01-14 15:48:16,0,0,2,0
TXN1723,David Mckay,22,Female,1771.26,Bass PLC,Electronics,Mumbai,2026-01-30 22:44:16,1,1,3,0
TXN1724,Marie Mendez,31,Female,3031.47,Padilla-Cohen,Entertainment,Gurgaon,2026-03-10 02:51:16,1,0,0,1
TXN1725,Travis Jones,36,Male,3390.93,"Acosta, Pena and Romero",Online Shopping,Mumbai,2026-03-21 21:37:16,1,0,0,1
TXN1726,Jennifer Bryant,30,Female,3926.46,Kidd PLC,Online Shopping,Mumbai,2026-02-17 05:27:16,0,0,2,0
TXN1727,Robin West,46,Male,515.85,Hamilton Ltd,Food,Chennai,2026-04-08 04:23:16,1,1,1,0
TXN1728,Eric Gardner,58,Male,4902.04,Walker and Sons,Electronics,Gurgaon,2025-10-01 18:24:16,1,0,1,1
TXN1729,Oscar Robinson,23,Male,2743.45,"Johnson, Young and Reynolds",Grocery,Bangalore,2025-06-23 19:36:16,1,1,1,0
TXN1730,Amy Thompson,43,Female,2915.09,Nguyen-Martin,Entertainment,Chennai,2025-09-30 11:29:16,0,1,2,0
TXN1731,Jacqueline Fox,20,Female,1034.61,Bell-Gray,Healthcare,Mumbai,2025-05-28 01:25:16,0,1,1,0
TXN1732,Michelle Morton,41,Male,3287.21,Flores-Martinez,Food,Mumbai,2026-04-15 16:46:16,0,0,2,0
TXN1733,Jennifer Sexton,46,Male,4628.36,Brown LLC,Online Shopping,Mumbai,2026-04-17 18:47:16,0,1,3,1
TXN1734,Lindsey Brooks,61,Male,2295.53,Barnes and Sons,Entertainment,Chennai,2025-06-19 07:07:16,1,0,5,1
TXN1735,Sarah Logan,20,Male,1872.57,Norris-Anderson,Electronics,Chennai,2025-07-28 18:32:16,0,0,0,0
TXN1736,Sarah Anderson,49,Male,3053.94,Wiggins-Robinson,Entertainment,Gurgaon,2025-09-16 23:42:16,1,0,3,1
TXN1737,Michael Salas,19,Female,4331.82,Valdez Ltd,Fuel,Chennai,2026-03-03 09:15:16,0,0,0,0
TXN1738,Abigail Page,27,Male,3065.17,Evans PLC,Fashion,Gurgaon,2025-06-26 05:50:16,0,1,4,1
TXN1739,Alexander Garner,39,Male,3129.77,"Anderson, Young and Berry",Entertainment,Delhi,2026-04-12 15:13:16,0,1,0,0
TXN1740,Angela Smith,66,Male,1934.21,"Edwards, Mata and Pierce",Electronics,Gurgaon,2026-04-30 11:32:16,0,0,3,0
TXN1741,Adam Malone,36,Female,4788.33,"Lewis, Vance and Prince",Online Shopping,Mumbai,2026-02-23 14:55:16,1,1,1,1
TXN1742,Kerri Torres,49,Female,3365.58,Garrett PLC,Travel,Delhi,2025-11-12 22:24:16,1,0,1,1
TXN1743,Karen Perkins,67,Female,3716.7,"Carr, Johnston and Cameron",Healthcare,Mumbai,2025-11-11 00:49:16,0,0,2,0
TXN1744,Kimberly Alexander,38,Male,4573.6,Miller-Orozco,Electronics,Pune,2025-08-10 00:12:16,1,0,2,1
TXN1745,Daniel Becker,26,Male,2197.54,Bowman-Todd,Online Shopping,Delhi,2025-09-01 10:58:16,0,1,0,0
TXN1746,Heather Martin,58,Male,1217.69,Brown Ltd,Fuel,Bangalore,2025-10-07 15:01:16,1,1,0,0
TXN1747,Amber Kramer,40,Male,259.59,"Jones, Rodriguez and Wong",Electronics,Mumbai,2026-03-22 02:44:16,0,1,5,1
TXN1748,Caleb Joseph,22,Female,394.95,"Watkins, Calderon and Nguyen",Healthcare,Gurgaon,2025-07-21 20:30:16,0,0,4,1
TXN1749,Christopher Perry,67,Male,3666.34,Little Group,Grocery,Mumbai,2025-06-28 03:30:16,0,1,1,0
TXN1750,Michael Huff,47,Female,4757.94,"Martinez, Shaffer and Collins",Fuel,Pune,2025-12-20 10:03:16,1,0,2,1
TXN1751,Zachary Hammond,53,Female,4664.23,"Rodriguez, Jones and Herrera",Healthcare,Mumbai,2026-02-19 03:55:16,0,1,2,0
TXN1752,Elaine Davis,27,Female,2572.92,Rivera Inc,Fuel,Bangalore,2026-02-05 14:33:16,1,1,2,0
TXN1753,Christopher Thomas,63,Female,1861.85,"Massey, Mccall and Flores",Travel,Delhi,2026-02-23 21:58:16,0,0,0,0
TXN1754,Renee Salazar,56,Male,1351.58,Wright and Sons,Electronics,Gurgaon,2025-07-28 02:47:16,1,1,4,1
TXN1755,Hayden Gomez,26,Male,184.69,Schroeder Inc,Entertainment,Bangalore,2025-11-01 07:39:16,0,0,4,1
TXN1756,Jessica Jenkins,60,Female,3193.39,Bolton-Hickman,Fuel,Delhi,2025-09-19 20:05:16,1,1,1,1
TXN1757,Michael Carter,60,Male,4682.04,"Caldwell, Rush and Orr",Electronics,Bangalore,2026-02-04 10:07:16,1,0,5,1
TXN1758,Donald Hull,28,Male,2998.24,"Clarke, Williamson and Guzman",Healthcare,Pune,2025-10-15 00:19:16,0,1,4,1
TXN1759,Megan Chandler,60,Male,2460.57,Pham-Wells,Fuel,Bangalore,2025-06-17 13:40:16,1,0,2,0
TXN1760,Brian Hayes,31,Male,67.35,"Farmer, Peterson and Williams",Grocery,Chennai,2026-01-07 03:03:16,0,1,5,1
TXN1761,Grant Wade,38,Female,810.71,Mcdowell-Byrd,Travel,Delhi,2025-12-25 11:31:16,1,1,3,0
TXN1762,Daniel Brown,38,Male,3736.42,Pearson LLC,Healthcare,Bangalore,2026-01-18 13:21:16,0,0,2,0
TXN1763,Jonathan Conway,52,Female,4031.16,Armstrong Ltd,Entertainment,Mumbai,2025-12-30 00:29:16,0,1,3,0
TXN1764,Benjamin Lewis,44,Female,2579.88,Bryant Ltd,Fuel,Delhi,2026-04-14 06:43:16,1,1,3,0
TXN1765,Albert Ramirez,41,Female,3948.57,"Hill, Griffin and Fernandez",Electronics,Gurgaon,2025-06-30 14:09:16,0,0,4,1
TXN1766,Thomas Fisher,53,Female,3164.76,Schmitt PLC,Entertainment,Delhi,2025-11-11 17:43:16,0,0,0,0
TXN1767,Michael Johnson,66,Female,521.81,Craig-Andrews,Online Shopping,Pune,2025-12-21 21:50:16,0,1,4,1
TXN1768,Katie Douglas,52,Female,1750.96,Williams-Smith,Healthcare,Delhi,2026-01-09 22:59:16,0,1,0,0
TXN1769,Ryan Madden,29,Female,4295.23,Trevino-Lee,Online Shopping,Pune,2025-06-28 06:32:16,1,1,4,1
TXN1770,Sheila Pham,64,Female,3371.49,Johnson and Sons,Electronics,Delhi,2025-12-17 13:49:16,0,0,4,1
TXN1771,Angela Gomez,34,Female,3705.72,"Collins, Hurst and Chung",Healthcare,Chennai,2026-02-12 02:04:16,1,1,5,1
TXN1772,Robert Lindsey,61,Male,2579.52,Smith-Moreno,Grocery,Mumbai,2025-12-08 06:08:16,1,0,5,1
TXN1773,Miranda Ewing,34,Female,2076.86,Ball Inc,Electronics,Bangalore,2026-01-05 17:54:16,0,0,3,0
TXN1774,Kyle Johnson,68,Male,1119.58,Rivera-Lawrence,Entertainment,Mumbai,2025-10-18 18:13:16,1,0,2,0
TXN1775,Derek Oconnor,31,Female,842.99,Mcpherson Group,Electronics,Gurgaon,2026-03-21 06:22:16,0,0,5,1
TXN1776,Kelly Weber,32,Female,3749.46,"Russell, Lopez and Smith",Fuel,Chennai,2025-12-06 19:58:16,0,1,4,1
TXN1777,Cindy Lopez,26,Male,2084.72,Spencer-Fields,Online Shopping,Chennai,2026-04-19 01:31:16,0,1,1,0
TXN1778,April Hammond,18,Female,1026.3,Estrada-Wiggins,Online Shopping,Mumbai,2025-05-18 09:28:16,0,0,5,1
TXN1779,Nancy Lawrence,18,Male,3160.78,Baxter PLC,Entertainment,Chennai,2025-09-10 14:53:16,1,1,0,1
TXN1780,Michael Lee,46,Female,2201.09,Marshall-Melton,Food,Bangalore,2025-05-28 11:34:16,1,1,4,1
TXN1781,Jermaine Allen,22,Female,3826.36,Ferguson-Callahan,Fuel,Mumbai,2026-04-30 11:02:16,0,1,4,1
TXN1782,Jennifer Cooper,18,Female,100.44,Wells-Perez,Online Shopping,Bangalore,2026-04-20 17:16:16,0,0,2,0
TXN1783,Mr. Edwin Hawkins MD,20,Male,2807.78,Ruiz-Smith,Fashion,Chennai,2026-01-10 17:09:16,1,0,1,0
TXN1784,Nicholas Pearson,33,Male,59.79,Pineda and Sons,Online Shopping,Pune,2025-12-02 18:45:16,1,0,0,0
TXN1785,Lawrence Bryant DDS,46,Female,4108.73,Moore LLC,Online Shopping,Gurgaon,2025-06-05 18:50:16,1,1,3,1
TXN1786,Melissa Phillips,68,Female,1434.69,Allen Ltd,Grocery,Pune,2025-10-20 14:12:16,0,0,2,0
TXN1787,Mr. Marc Faulkner II,36,Female,4276.32,Reeves PLC,Travel,Delhi,2025-08-10 01:30:16,0,0,4,1
TXN1788,Benjamin Johnston,63,Female,1945.25,Robinson and Sons,Travel,Bangalore,2025-09-17 09:50:16,1,0,1,0
TXN1789,Lorraine Hardy,49,Male,219.51,Newton-Glover,Fashion,Mumbai,2026-05-01 15:54:16,0,1,0,0
TXN1790,Charles Mayo,57,Female,4840.65,Parker-Smith,Electronics,Pune,2025-09-29 07:44:16,0,1,0,0
TXN1791,William Best,62,Male,2257.89,"Russo, Pham and Garza",Online Shopping,Chennai,2025-06-08 14:47:16,1,0,3,0
TXN1792,Anthony Hinton,46,Female,2799.71,Hall Inc,Entertainment,Gurgaon,2025-09-29 01:22:16,1,0,2,0
TXN1793,John Delgado,31,Male,1868.94,"Michael, Obrien and Martin",Fashion,Mumbai,2026-03-09 05:37:16,1,0,2,0
TXN1794,David Bauer,69,Female,236.14,"Freeman, Owens and Riddle",Online Shopping,Chennai,2026-01-20 17:39:16,0,0,5,1
TXN1795,Gregory Cook,66,Female,1872.47,Mcdowell-Martinez,Fuel,Mumbai,2025-11-30 01:45:16,0,0,0,0
TXN1796,James Gray,53,Male,3834.91,Marks Inc,Online Shopping,Delhi,2025-08-30 22:53:16,1,0,4,1
TXN1797,Lisa Gibson,56,Female,3390.59,"Ferguson, Howell and Ramirez",Fashion,Pune,2025-10-11 01:04:16,1,0,2,1
TXN1798,Scott Simmons,61,Male,3713.84,"Shaw, Malone and Barrett",Fashion,Delhi,2026-02-25 19:13:16,1,1,5,1
TXN1799,Jessica Hughes,46,Male,801.81,Chambers-Freeman,Grocery,Mumbai,2025-10-05 01:20:16,1,0,1,0
TXN1800,Sandra Scott,53,Female,4264.4,Torres-Jones,Fuel,Pune,2025-09-04 05:59:16,1,0,3,1
TXN1801,David Clark,59,Female,2080.71,Gallagher and Sons,Online Shopping,Mumbai,2025-08-13 06:25:16,0,0,2,0
TXN1802,Tracy Stout,57,Male,3002.86,"Lewis, Sanchez and Wilson",Entertainment,Pune,2026-02-02 16:31:16,1,0,3,1
TXN1803,Brenda Lee,28,Female,947.72,Raymond-Ramirez,Food,Mumbai,2026-02-16 01:51:16,1,1,3,0
TXN1804,Mark Pierce,68,Female,4110.94,"Smith, Solis and Johnson",Fashion,Mumbai,2025-12-12 11:03:16,1,0,0,1
TXN1805,Justin Bray,64,Male,3187.44,Reeves PLC,Healthcare,Gurgaon,2025-09-28 03:11:16,0,0,4,1
TXN1806,Valerie Ibarra,49,Male,962.72,"Nelson, Rivera and Summers",Healthcare,Gurgaon,2026-01-17 15:14:16,0,1,3,0
TXN1807,Jacqueline Rios,24,Female,1330.53,Ortega PLC,Online Shopping,Chennai,2025-10-13 00:09:16,1,0,5,1
TXN1808,Raymond Jones,41,Female,451.04,Baldwin-Willis,Online Shopping,Pune,2025-05-15 08:29:16,1,1,0,0
TXN1809,Donna Lopez,45,Male,1093.98,"West, Hanna and Marsh",Fashion,Chennai,2025-11-23 06:35:16,0,1,4,1
TXN1810,William Phelps,38,Male,4443.44,"Lam, Smith and Watson",Electronics,Mumbai,2026-02-17 22:41:16,0,0,5,1
TXN1811,Ashley Mendez,67,Male,3921.02,"Bentley, Cooper and Garner",Food,Chennai,2025-10-02 03:55:16,1,0,2,1
TXN1812,Jessica Hubbard,57,Male,3683.78,Flores-Obrien,Online Shopping,Chennai,2026-01-23 15:03:16,1,0,1,1
TXN1813,April Cooper,19,Male,3742.54,Jones-Wiley,Grocery,Gurgaon,2025-11-06 21:53:16,1,0,2,1
TXN1814,Donald Wong,37,Male,4516.44,Morse-Barrett,Electronics,Delhi,2025-07-24 18:38:16,0,1,4,1
TXN1815,Deborah Lam,44,Male,1215.07,"Wallace, Mendoza and Williams",Food,Bangalore,2025-12-15 12:28:16,1,1,0,0
TXN1816,Jessica Mann,52,Female,121.91,"Gilmore, Martin and Ford",Entertainment,Gurgaon,2025-11-01 06:50:16,1,0,5,1
TXN1817,Michael Wilson,28,Female,78.36,Jackson-Miller,Electronics,Pune,2025-07-07 07:06:16,0,0,5,1
TXN1818,Eddie Martin,55,Male,95.58,Small LLC,Electronics,Bangalore,2026-01-13 11:09:16,0,1,3,0
TXN1819,Crystal Mullen,49,Female,671.9,"Taylor, Harvey and Johnson",Electronics,Bangalore,2025-08-24 16:43:16,1,1,2,0
TXN1820,Katie Dorsey,20,Female,3126.82,Price-Porter,Grocery,Gurgaon,2025-05-31 18:22:16,0,0,0,0
TXN1821,Marvin Anderson,21,Male,4953.49,"Hernandez, Dorsey and Mitchell",Entertainment,Pune,2026-04-18 17:39:16,1,0,1,1
TXN1822,Roger Guerrero,60,Female,2898.41,Foster-Burke,Healthcare,Delhi,2026-03-20 09:18:16,0,0,2,0
TXN1823,Rodney Wright,63,Male,1863.71,"Johnson, Gonzalez and Webb",Grocery,Pune,2026-04-09 22:42:16,1,0,4,1
TXN1824,Kimberly Smith,68,Female,2220.87,Garza-York,Food,Chennai,2026-03-18 23:47:16,1,0,0,0
TXN1825,Shelby Mccormick,59,Female,3578.35,"Coleman, Jones and Andrews",Online Shopping,Mumbai,2026-04-23 17:09:16,0,0,2,0
TXN1826,Angela Livingston PhD,35,Male,1818.53,"Carson, Carpenter and Castro",Fashion,Mumbai,2025-11-06 09:45:16,0,0,2,0
TXN1827,Katelyn Cooper,38,Male,3161.9,Sharp Ltd,Online Shopping,Gurgaon,2025-05-29 18:42:16,0,1,0,0
TXN1828,Cynthia Hart,58,Male,358.31,"Smith, Santos and Norton",Fashion,Delhi,2025-06-03 03:34:16,0,1,3,0
TXN1829,Joseph Keller,18,Female,904.99,"Wilson, Stein and Miller",Healthcare,Mumbai,2025-10-05 09:54:16,0,0,0,0
TXN1830,Patrick Smith,46,Female,4744.23,"Nguyen, Jordan and Richards",Electronics,Mumbai,2026-01-16 02:46:16,1,1,2,1
TXN1831,Ryan Andrews,60,Female,2273.36,Jensen-Carter,Healthcare,Pune,2025-07-15 06:21:16,1,0,5,1
TXN1832,Jonathan Freeman,55,Female,2684.32,"Duke, Blair and Stuart",Healthcare,Gurgaon,2025-11-04 15:28:16,0,0,1,0
TXN1833,Shane Kerr,54,Female,4170.62,"Lopez, Williams and Taylor",Food,Mumbai,2025-06-19 23:47:16,1,1,1,1
TXN1834,Jesus Russell,28,Female,2968.27,Martinez-Hoffman,Travel,Chennai,2025-07-12 06:21:16,1,1,4,1
TXN1835,Sarah Arnold,57,Female,1161.67,Bond LLC,Fuel,Bangalore,2025-10-10 07:49:16,1,1,5,1
TXN1836,Bryan Brown,60,Male,1064.05,Thompson-Adkins,Travel,Chennai,2026-03-23 12:45:16,0,1,2,0
TXN1837,Richard Young,40,Male,1439.73,Brown-Wilkinson,Online Shopping,Mumbai,2026-02-24 00:50:16,1,0,3,0
TXN1838,Ashley Gardner,54,Male,4487.86,Anderson-Klein,Grocery,Pune,2025-09-10 04:44:16,0,1,4,1
TXN1839,Matthew Adams,47,Male,648.41,Casey PLC,Grocery,Pune,2025-09-18 06:46:16,1,1,3,0
TXN1840,John Martinez,66,Male,3349.85,Mendez Group,Healthcare,Gurgaon,2025-07-13 08:55:16,0,1,2,0
TXN1841,Robert Miller,51,Male,364.46,"Williams, Ramos and Sherman",Fuel,Pune,2025-05-09 01:42:16,0,1,3,0
TXN1842,Kyle Woodward,67,Female,1350.13,Hill Ltd,Online Shopping,Delhi,2026-03-16 13:04:16,0,0,3,0
TXN1843,Kelly Morrison,20,Male,4926.67,"Lowe, Hill and Mccoy",Fuel,Mumbai,2025-07-15 20:01:16,0,0,3,0
TXN1844,Joshua Olson,40,Female,3993.48,Vaughn LLC,Healthcare,Delhi,2026-01-17 20:12:16,0,1,5,1
TXN1845,Heather Williams,27,Male,1289.75,Williams-Edwards,Electronics,Bangalore,2026-03-20 00:28:16,1,0,3,0
TXN1846,Ronald Stevenson,54,Male,858.88,Henderson Inc,Food,Pune,2026-05-03 10:03:16,1,1,5,1
TXN1847,Michael Rogers,19,Female,4148.28,Elliott-Smith,Fuel,Delhi,2026-04-26 14:09:16,0,1,5,1
TXN1848,Tiffany White,22,Male,2397.7,Harris-Flores,Online Shopping,Chennai,2025-08-14 19:55:16,1,1,2,0
TXN1849,Ronald Maynard,61,Male,1375.47,"Lopez, Scott and Moran",Entertainment,Chennai,2025-05-29 11:40:16,1,1,1,0
TXN1850,Emily Briggs,59,Male,1416.78,Johnson and Sons,Online Shopping,Bangalore,2025-09-23 19:19:16,1,0,4,1
TXN1851,Vanessa Suarez,42,Female,2875.69,Ponce Inc,Healthcare,Bangalore,2026-01-21 13:26:16,1,1,4,1
TXN1852,Justin Mcgrath,34,Male,3828.15,"Garcia, Rangel and Nicholson",Online Shopping,Mumbai,2026-03-28 08:15:16,1,0,2,1
TXN1853,Crystal Calderon,38,Male,2452.07,Vargas-Lucero,Electronics,Pune,2025-10-11 19:29:16,1,0,3,0
TXN1854,Johnny Gonzalez,55,Male,4192.77,"Hester, Carter and Grant",Travel,Mumbai,2025-06-15 00:53:16,1,0,1,1
TXN1855,Kristen Hansen,33,Male,1647.88,Maynard-Bradshaw,Entertainment,Bangalore,2025-10-23 20:28:16,0,1,4,1
TXN1856,Emily Martin,34,Female,4091.1,"White, Olson and Potter",Fuel,Mumbai,2026-02-19 14:10:16,0,1,5,1
TXN1857,Elizabeth Moore,21,Male,4851.47,Ponce-Vasquez,Food,Delhi,2026-02-24 15:09:16,0,0,2,0
TXN1858,Brittney Young,55,Male,666.95,Cross-Parker,Online Shopping,Delhi,2026-01-07 07:11:16,0,0,2,0
TXN1859,Holly Thomas,45,Male,2458.92,"Reed, Michael and Lopez",Fashion,Mumbai,2025-09-04 02:25:16,1,0,5,1
TXN1860,Jorge Doyle,49,Female,4636.35,Tucker PLC,Electronics,Mumbai,2025-10-19 05:33:16,1,1,5,1
TXN1861,Samuel Christian,23,Female,1879.0,Lane Group,Travel,Mumbai,2026-01-28 18:38:16,1,0,2,0
TXN1862,Eric Barron,29,Male,2788.36,Brown-Leon,Online Shopping,Bangalore,2025-07-24 22:49:16,0,1,0,0
TXN1863,Lindsay Patterson,58,Female,1270.7,Brown Inc,Electronics,Mumbai,2025-10-06 08:02:16,1,1,5,1
TXN1864,Gina Griffin,21,Male,13.26,Edwards-Larson,Electronics,Delhi,2025-12-31 17:51:16,0,1,0,0
TXN1865,Christopher Savage,37,Male,1888.89,Watkins-Palmer,Electronics,Mumbai,2025-06-04 06:05:16,1,0,0,0
TXN1866,Amy Carr,18,Male,1762.58,"Baird, Barnes and Wade",Electronics,Gurgaon,2025-08-07 03:43:16,0,0,1,0
TXN1867,Christopher Thomas,44,Female,209.9,"Ho, Martin and Reid",Online Shopping,Gurgaon,2025-11-14 20:33:16,1,0,2,0
TXN1868,Dalton Hunter,43,Female,3931.21,"Ashley, Willis and George",Food,Gurgaon,2025-08-11 21:04:16,1,1,0,1
TXN1869,Michael Bautista,45,Male,3805.27,Sanchez and Sons,Entertainment,Mumbai,2025-08-08 05:39:16,1,1,5,1
TXN1870,James Leon,35,Male,2569.48,"Stokes, Edwards and Andrade",Electronics,Bangalore,2025-07-25 21:28:16,1,1,1,0
TXN1871,Zachary Williams,46,Male,3543.53,"Johnson, Rodriguez and Lawrence",Grocery,Chennai,2025-06-03 14:58:16,0,0,4,1
TXN1872,Tammy Charles,47,Male,1030.2,Garcia Ltd,Entertainment,Chennai,2026-03-13 11:01:16,0,1,2,0
TXN1873,Kathy Robinson,69,Female,3353.46,"Johnson, Gill and Jones",Healthcare,Delhi,2025-11-08 17:57:16,0,1,4,1
TXN1874,Bridget Ramsey,40,Female,3135.35,"Copeland, Davis and Jones",Fashion,Pune,2025-06-28 08:32:16,1,1,5,1
TXN1875,Jennifer Jackson,64,Female,811.79,"Hall, Young and Mcconnell",Entertainment,Mumbai,2025-09-22 17:07:16,1,1,0,0
TXN1876,Michael Green,49,Male,257.58,Howell-Bailey,Healthcare,Pune,2025-09-12 13:44:16,1,1,0,0
TXN1877,Christine Bush,25,Female,1412.44,Hoffman-Flores,Healthcare,Chennai,2025-10-29 16:40:16,1,0,2,0
TXN1878,Victoria Anderson,57,Male,1007.21,Richmond-Chen,Food,Gurgaon,2025-12-19 20:58:16,0,0,0,0
TXN1879,Mary Hudson DDS,50,Male,1192.3,Perez-Beck,Online Shopping,Gurgaon,2025-09-28 07:20:16,1,0,5,1
TXN1880,Bruce Wilson,39,Male,340.16,Evans Inc,Entertainment,Chennai,2025-10-27 08:47:16,0,0,0,0
TXN1881,John Rush,66,Male,1179.78,Nelson-Shepard,Fuel,Pune,2025-12-19 03:52:16,1,0,4,1
TXN1882,Courtney Johnson,68,Male,1475.94,"Thompson, Dalton and Robinson",Fashion,Mumbai,2026-01-23 09:02:16,1,0,3,0
TXN1883,Kevin Gomez,34,Male,3270.38,Smith LLC,Entertainment,Gurgaon,2025-11-04 22:13:16,1,0,1,1
TXN1884,Molly Calderon,55,Male,4736.34,Douglas PLC,Fuel,Gurgaon,2025-09-06 00:19:16,0,0,1,0
TXN1885,Lori Bowman,66,Female,1415.26,Tyler-Mendoza,Food,Delhi,2026-03-10 14:49:16,0,0,1,0
TXN1886,Robert King,49,Male,2719.68,Clark PLC,Healthcare,Mumbai,2025-09-21 04:41:16,0,0,5,1
TXN1887,Elizabeth Ross,36,Male,1566.28,Gallagher-Woodward,Fashion,Gurgaon,2025-05-17 14:01:16,1,1,2,0
TXN1888,Sarah Parker,45,Female,1312.63,Williams Ltd,Food,Pune,2025-10-09 12:01:16,0,0,0,0
TXN1889,Grace Townsend,29,Male,936.81,Allen-Vasquez,Online Shopping,Bangalore,2025-10-11 10:37:16,1,1,5,1
TXN1890,Charlotte Bryant,61,Female,832.78,Oneill Inc,Food,Pune,2025-11-04 16:10:16,0,1,5,1
TXN1891,Tina Hall,62,Female,2239.11,Ramos Inc,Grocery,Bangalore,2025-07-22 00:43:16,0,1,5,1
TXN1892,Jeanne Harris,59,Male,4524.78,Perkins-Ward,Online Shopping,Delhi,2025-05-12 18:22:16,1,1,2,1
TXN1893,Isaac Quinn,41,Male,4088.87,"Leach, Edwards and Richmond",Online Shopping,Bangalore,2025-07-28 11:52:16,1,1,2,1
TXN1894,George Daniel,29,Female,4326.16,"Cabrera, Meyer and Conley",Fuel,Mumbai,2026-03-24 13:07:16,1,1,1,1
TXN1895,Paul Brooks,37,Female,3789.75,"Williams, Romero and Peterson",Grocery,Gurgaon,2025-12-26 04:53:16,0,1,0,0
TXN1896,Linda Grant DVM,42,Male,3651.26,Steele-Schwartz,Entertainment,Chennai,2025-12-09 07:52:16,0,0,3,0
TXN1897,Steven Collins,39,Female,874.98,"Buchanan, Santiago and Parker",Entertainment,Bangalore,2025-07-17 12:43:16,0,1,1,0
TXN1898,Sherry Whitehead,63,Male,2984.45,Hudson-Bishop,Fashion,Delhi,2025-07-09 07:17:16,1,1,0,0
TXN1899,Zachary Casey,22,Male,1782.11,Lowe PLC,Online Shopping,Mumbai,2025-05-09 11:57:16,1,1,3,0
TXN1900,Joanne Garcia,44,Female,4658.46,Gardner Group,Food,Pune,2025-09-22 06:01:16,1,0,2,1
TXN1901,Christine Wall,57,Male,2003.6,"Rodriguez, Sampson and Potter",Fuel,Chennai,2025-05-27 07:52:16,0,0,2,0
TXN1902,Brenda Powell,22,Male,502.7,Shah Inc,Fashion,Mumbai,2025-11-07 05:04:16,0,0,2,0
TXN1903,Alexander Montgomery,62,Male,2929.54,Krueger Group,Healthcare,Mumbai,2025-10-22 18:42:16,0,0,1,0
TXN1904,Rebekah Christensen,18,Male,3501.53,Dunn Ltd,Fuel,Pune,2025-07-04 17:13:16,0,0,3,0
TXN1905,Katherine Whitaker,29,Female,4366.81,Davis-Ortiz,Healthcare,Pune,2025-10-14 19:47:16,1,1,3,1
TXN1906,Sharon Case MD,47,Female,1305.76,Washington Group,Fuel,Mumbai,2025-09-26 06:45:16,1,1,1,0
TXN1907,Charles Colon,48,Male,273.3,Wilson LLC,Travel,Delhi,2026-02-21 02:46:16,1,1,5,1
TXN1908,William Villa,57,Male,4947.26,"Castillo, Morse and Thompson",Online Shopping,Bangalore,2025-06-20 17:47:16,1,0,1,1
TXN1909,Vanessa Howard,38,Female,3728.45,White-Ryan,Electronics,Chennai,2026-04-15 22:06:16,1,1,4,1
TXN1910,Carrie Stevenson,33,Male,1819.17,"Harris, Clark and Harper",Grocery,Chennai,2025-11-13 11:24:16,0,1,5,1
TXN1911,Emily Diaz,43,Male,788.62,Stewart-Harmon,Healthcare,Bangalore,2025-11-22 10:53:16,1,0,5,1
TXN1912,Michelle Le,62,Female,4206.13,"Joseph, Smith and Santiago",Food,Bangalore,2026-04-23 13:33:16,1,1,4,1
TXN1913,Scott Vargas,32,Female,4119.88,"Barker, Henry and Thompson",Travel,Gurgaon,2025-07-28 14:52:16,1,0,4,1
TXN1914,Elizabeth Page,52,Female,93.61,Thomas-Nguyen,Healthcare,Bangalore,2025-10-22 05:43:16,1,1,0,0
TXN1915,Richard Hernandez,40,Female,2662.55,"Hayes, Diaz and Hobbs",Travel,Pune,2026-04-11 13:36:16,0,0,1,0
TXN1916,Heather Molina,37,Male,1256.36,Roberts-Bates,Fashion,Mumbai,2026-03-09 10:23:16,1,1,3,0
TXN1917,Brianna Stewart,34,Male,4641.23,Hernandez Group,Travel,Chennai,2026-04-24 20:57:16,0,1,2,0
TXN1918,Jon Ellis,60,Male,229.76,Knight Group,Travel,Gurgaon,2025-06-05 01:22:16,1,0,3,0
TXN1919,Michael Kim,53,Female,3409.95,Mills-Miller,Fuel,Bangalore,2026-01-05 11:57:16,1,0,4,1
TXN1920,Jeffery Rivera,34,Female,4497.31,"Foster, Thompson and King",Electronics,Chennai,2026-03-19 03:06:16,0,0,3,0
TXN1921,Robert Hall,30,Male,2662.99,Sloan-Graham,Fashion,Gurgaon,2025-12-30 14:04:16,0,1,5,1
TXN1922,Amanda Leon,21,Female,2786.08,White-Campbell,Fashion,Bangalore,2025-10-11 12:37:16,1,1,4,1
TXN1923,Joshua Collins,43,Female,849.34,Baker LLC,Grocery,Gurgaon,2025-09-13 02:10:16,0,1,2,0
TXN1924,Sylvia Ferguson,25,Male,2517.11,Owens-Johnson,Online Shopping,Mumbai,2025-11-17 19:02:16,1,1,4,1
TXN1925,Darren Andrade II,19,Female,4432.05,Lawson-Torres,Online Shopping,Gurgaon,2025-05-08 09:02:16,1,0,1,1
TXN1926,Daniel Mccarthy MD,33,Female,2022.02,Miller and Sons,Fashion,Gurgaon,2025-09-19 09:51:16,0,0,4,1
TXN1927,Hector Nash,46,Female,1997.16,Jones-Russell,Entertainment,Chennai,2026-01-29 16:56:16,1,0,4,1
TXN1928,Jesse Morales,47,Male,2706.08,Frank LLC,Travel,Bangalore,2026-01-05 13:57:16,0,1,3,0
TXN1929,William Lamb,46,Female,4576.15,Allen Group,Fashion,Chennai,2025-07-23 18:23:16,1,1,1,1
TXN1930,Lisa Patterson,49,Female,1379.18,"Gray, Contreras and Bradley",Fuel,Bangalore,2025-10-17 08:35:16,1,1,2,0
TXN1931,Meredith Garcia,20,Male,4144.16,"Franklin, Webster and Hall",Travel,Delhi,2025-07-12 11:09:16,0,0,3,0
TXN1932,Jordan Zimmerman,21,Female,1177.15,"Riddle, Rodriguez and Stephens",Electronics,Mumbai,2025-10-05 04:35:16,0,1,2,0
TXN1933,Kaylee Freeman,39,Male,670.7,Williams-Mack,Electronics,Delhi,2025-12-08 11:46:16,1,0,2,0
TXN1934,Reginald Murphy,30,Male,4951.76,"Castillo, Nichols and Clark",Entertainment,Pune,2026-05-04 18:41:16,0,0,3,0
TXN1935,Derek Moore,40,Female,2303.66,Gutierrez-Flores,Travel,Delhi,2026-04-19 10:42:16,1,1,0,0
TXN1936,Erin Johnson,26,Male,914.1,Stevens PLC,Food,Chennai,2026-02-13 13:36:16,1,1,3,0
TXN1937,Crystal Stone,40,Male,2091.8,Berger Inc,Travel,Pune,2025-09-12 03:53:16,0,0,0,0
TXN1938,Spencer Matthews,27,Male,4490.84,Ortiz-Phillips,Healthcare,Bangalore,2025-06-27 05:00:16,1,1,0,1
TXN1939,Stephanie Carter,31,Female,806.53,"Cox, Velasquez and Hodge",Online Shopping,Gurgaon,2026-03-21 02:31:16,0,0,2,0
TXN1940,Jamie Delgado,28,Female,128.3,"Johnson, Harris and Lee",Entertainment,Pune,2025-10-05 15:34:16,1,1,0,0
TXN1941,Wendy Nunez,19,Female,4633.05,Hicks-Jacobs,Online Shopping,Mumbai,2025-07-13 09:47:16,0,1,2,1
TXN1942,Ryan Sullivan,28,Female,2105.82,"Stone, Jenkins and Torres",Healthcare,Gurgaon,2025-09-06 10:06:16,1,0,4,1
TXN1943,Patricia Douglas,43,Female,4734.31,Morgan-Mendoza,Grocery,Delhi,2025-05-08 16:54:16,0,1,1,0
TXN1944,Rhonda Thompson,29,Female,1826.92,Jackson Group,Fuel,Pune,2025-09-04 02:15:16,0,1,2,0
TXN1945,Mary Bell,44,Female,3550.1,Harmon-Brown,Fashion,Delhi,2026-02-24 20:54:16,1,1,5,1
TXN1946,Christian Pacheco,57,Male,475.05,Cobb Inc,Grocery,Pune,2025-12-17 17:24:16,1,0,4,1
TXN1947,Michael Hicks,34,Female,1138.13,Morgan-Mosley,Online Shopping,Gurgaon,2026-04-29 23:15:16,1,0,3,0
TXN1948,Timothy Myers,45,Male,262.29,"Boyer, Barrett and Hinton",Entertainment,Gurgaon,2025-11-13 16:04:16,0,1,5,1
TXN1949,Lisa Harris,40,Male,1063.52,"Fitzgerald, Morrow and Henry",Entertainment,Chennai,2026-02-25 14:49:16,0,1,3,0
TXN1950,Donna Matthews,54,Female,3640.37,"Richardson, Payne and Shaffer",Online Shopping,Bangalore,2025-09-21 12:55:16,1,0,3,1
TXN1951,Donald Arias,36,Male,1089.09,"Burns, Lewis and Bowers",Travel,Mumbai,2026-04-16 23:14:16,1,0,3,0
TXN1952,Karen Jenkins,46,Female,754.75,"Pierce, Smith and Holloway",Fuel,Bangalore,2025-06-16 00:39:16,1,0,5,1
TXN1953,Tara Graves,49,Female,3401.69,Ramos-Kelly,Grocery,Mumbai,2025-05-16 15:22:16,0,0,1,0
TXN1954,Michael Baker,30,Male,1240.13,Luna Ltd,Electronics,Bangalore,2025-09-29 00:19:16,1,0,3,0
TXN1955,Katrina Franco,69,Female,1566.44,Orozco and Sons,Grocery,Mumbai,2025-06-12 20:50:16,0,0,2,0
TXN1956,Tracey Winters,55,Male,1210.25,"Ford, Meyer and Crawford",Fuel,Mumbai,2025-09-10 12:44:16,1,1,3,0
TXN1957,Thomas Wilson,26,Female,2732.45,Salazar Group,Fuel,Bangalore,2026-03-18 10:36:16,1,0,3,0
TXN1958,Lori Cooper,40,Female,3692.38,Wilson-Smith,Electronics,Mumbai,2025-11-23 05:43:16,0,1,3,0
TXN1959,Annette Kelly,46,Female,4948.88,Moore-Thomas,Electronics,Pune,2026-02-19 18:32:16,1,0,1,1
TXN1960,James Dodson,48,Male,4942.22,"Stephenson, Howard and Harris",Fashion,Gurgaon,2025-12-11 18:11:16,0,0,2,0
TXN1961,Gregory Owen,38,Male,4331.85,Thornton Group,Entertainment,Gurgaon,2025-06-02 07:09:16,0,0,1,0
TXN1962,Martin Franklin,69,Male,2237.75,Flores LLC,Fuel,Chennai,2025-10-25 04:24:16,0,0,5,1
TXN1963,Christopher Preston,56,Female,4672.82,Church-Morgan,Entertainment,Chennai,2026-01-20 04:40:16,1,1,2,1
TXN1964,Bruce Bowen,38,Male,3899.79,Moore-Calhoun,Grocery,Chennai,2025-07-05 16:10:16,0,1,0,0
TXN1965,Brittney Dudley,50,Female,2466.24,"Lopez, Thornton and Cunningham",Fashion,Mumbai,2025-06-20 13:13:16,1,0,4,1
TXN1966,Charles Jimenez,59,Male,3959.4,"Barker, Bowman and Smith",Electronics,Mumbai,2026-01-21 04:37:16,1,1,3,1
TXN1967,Keith Young,36,Male,638.52,Escobar-Suarez,Travel,Bangalore,2025-07-15 09:58:16,0,1,2,0
TXN1968,Shane West,62,Male,684.05,Curry Ltd,Grocery,Delhi,2025-10-24 18:14:16,1,0,0,0
TXN1969,Michael Bentley II,19,Female,3831.49,"Christensen, Bailey and Bryant",Electronics,Mumbai,2025-06-25 06:11:16,0,1,3,0
TXN1970,Jonathan Flynn,55,Male,725.54,Gutierrez LLC,Healthcare,Chennai,2026-01-31 17:41:16,0,0,1,0
TXN1971,Cheryl Wells,57,Female,1625.86,Taylor-Best,Travel,Chennai,2025-05-11 05:59:16,0,0,4,1
TXN1972,Mary Horn,33,Female,1069.55,Christian PLC,Food,Bangalore,2025-11-03 07:51:16,1,1,2,0
TXN1973,Wayne Daniels,44,Male,3673.41,Woods PLC,Grocery,Chennai,2025-11-27 02:29:16,1,1,0,1
TXN1974,Marvin Swanson,29,Male,148.94,Williams-Harper,Fashion,Delhi,2026-04-28 01:53:16,1,1,3,0
TXN1975,Jacob Johnson,56,Female,3160.56,Grant PLC,Online Shopping,Chennai,2025-06-20 08:41:16,1,0,3,1
TXN1976,Daniel Murray,41,Male,2468.07,Barrett-Cox,Online Shopping,Bangalore,2025-11-29 14:39:16,1,1,4,1
TXN1977,Brianna Martin,32,Female,4453.02,Curry Group,Online Shopping,Mumbai,2025-12-02 08:02:16,0,0,4,1
TXN1978,Lynn Lane,27,Female,2738.01,Roberts-Sherman,Fashion,Bangalore,2025-05-15 10:17:16,1,1,5,1
TXN1979,Jenna Martinez,51,Male,4587.17,"Barrett, Brown and Smith",Online Shopping,Gurgaon,2025-06-09 05:45:16,0,0,5,1
TXN1980,Jennifer Durham,53,Female,4957.35,Phillips-Hammond,Food,Bangalore,2026-04-15 14:25:16,0,1,4,1
TXN1981,Michelle Jackson,53,Male,3031.35,"Smith, Brooks and Smith",Online Shopping,Chennai,2026-02-01 02:56:16,1,0,3,1
TXN1982,William Meyer,37,Female,4730.16,"Contreras, Reynolds and Rodriguez",Healthcare,Gurgaon,2025-10-24 05:09:16,1,0,4,1
TXN1983,Donna Austin,33,Male,1097.28,Thompson Inc,Online Shopping,Chennai,2025-12-09 19:50:16,0,0,5,1
TXN1984,Michael Davis,56,Male,91.05,Keith-Woodward,Travel,Delhi,2025-10-21 16:25:16,0,0,0,0
TXN1985,James Delgado,62,Female,4187.94,"Molina, Larsen and Bradley",Food,Delhi,2025-06-24 20:55:16,0,1,3,0
TXN1986,Katrina York,34,Female,4159.28,"Flores, Rose and Williams",Online Shopping,Pune,2026-03-25 02:36:16,1,0,4,1
TXN1987,Renee Boyd,44,Female,2016.12,Lamb PLC,Food,Pune,2026-01-23 14:26:16,0,0,2,0
TXN1988,Eric Bradshaw,50,Male,78.03,"Daniels, Williams and Levy",Fuel,Delhi,2025-05-17 11:13:16,1,0,2,0
TXN1989,Michael Gonzales,63,Female,74.36,Miller-Rice,Online Shopping,Chennai,2025-07-23 20:28:16,1,1,2,0
TXN1990,James Price,37,Male,2833.07,"Miller, Davis and Thomas",Fashion,Pune,2025-10-18 22:16:16,0,0,5,1
TXN1991,Daniel Hall,19,Female,3039.61,Nelson and Sons,Electronics,Mumbai,2025-09-30 19:46:16,0,0,0,0
TXN1992,Elizabeth Watkins,37,Male,698.7,Dunlap Ltd,Online Shopping,Gurgaon,2026-01-31 17:02:16,0,0,5,1
TXN1993,Adam Fields,41,Male,2029.58,Frederick-Gonzalez,Travel,Pune,2026-03-14 12:06:16,1,0,3,0
TXN1994,John Taylor,63,Female,2324.43,Richards-Smith,Fuel,Chennai,2026-03-10 06:54:16,1,0,0,0
TXN1995,Michael Boone,34,Male,2450.29,Johnson-Morris,Travel,Pune,2025-06-01 22:33:16,1,1,4,1
TXN1996,Elizabeth Williams,65,Male,674.72,"Tanner, Welch and Gordon",Online Shopping,Pune,2025-12-28 01:36:16,1,1,2,0
TXN1997,Joan Guzman,61,Female,3470.18,"Fox, Wright and Blevins",Online Shopping,Bangalore,2026-01-18 08:32:16,1,1,3,1
TXN1998,Andrew Smith,68,Female,2504.8,"Cervantes, Mosley and Torres",Healthcare,Pune,2026-01-25 14:58:16,0,0,4,1
TXN1999,Debra Perez,30,Female,138.19,James Inc,Online Shopping,Chennai,2026-02-10 07:54:16,1,1,4,1
